// Code generated by tools/unigen. DO NOT EDIT.

package uni

// The data of Unicode 15.0.0: canonical combining classes, canonical
// decompositions and primary composites. The Hangul syllables are left out,
// composing and decomposing by arithmetic instead.

// tablesVersion is the Unicode version this data was generated from. A test
// holds it to UnicodeVersion, so the two cannot drift apart unremarked.
const tablesVersion = "15.0.0"

// combiningClasses holds every code point of nonzero canonical combining
// class, packed as the code point shifted up by eight with the class beneath,
// in code point order.
var combiningClasses = [...]uint32{
	0x300<<8 | 0xE6,
	0x301<<8 | 0xE6,
	0x302<<8 | 0xE6,
	0x303<<8 | 0xE6,
	0x304<<8 | 0xE6,
	0x305<<8 | 0xE6,
	0x306<<8 | 0xE6,
	0x307<<8 | 0xE6,
	0x308<<8 | 0xE6,
	0x309<<8 | 0xE6,
	0x30A<<8 | 0xE6,
	0x30B<<8 | 0xE6,
	0x30C<<8 | 0xE6,
	0x30D<<8 | 0xE6,
	0x30E<<8 | 0xE6,
	0x30F<<8 | 0xE6,
	0x310<<8 | 0xE6,
	0x311<<8 | 0xE6,
	0x312<<8 | 0xE6,
	0x313<<8 | 0xE6,
	0x314<<8 | 0xE6,
	0x315<<8 | 0xE8,
	0x316<<8 | 0xDC,
	0x317<<8 | 0xDC,
	0x318<<8 | 0xDC,
	0x319<<8 | 0xDC,
	0x31A<<8 | 0xE8,
	0x31B<<8 | 0xD8,
	0x31C<<8 | 0xDC,
	0x31D<<8 | 0xDC,
	0x31E<<8 | 0xDC,
	0x31F<<8 | 0xDC,
	0x320<<8 | 0xDC,
	0x321<<8 | 0xCA,
	0x322<<8 | 0xCA,
	0x323<<8 | 0xDC,
	0x324<<8 | 0xDC,
	0x325<<8 | 0xDC,
	0x326<<8 | 0xDC,
	0x327<<8 | 0xCA,
	0x328<<8 | 0xCA,
	0x329<<8 | 0xDC,
	0x32A<<8 | 0xDC,
	0x32B<<8 | 0xDC,
	0x32C<<8 | 0xDC,
	0x32D<<8 | 0xDC,
	0x32E<<8 | 0xDC,
	0x32F<<8 | 0xDC,
	0x330<<8 | 0xDC,
	0x331<<8 | 0xDC,
	0x332<<8 | 0xDC,
	0x333<<8 | 0xDC,
	0x334<<8 | 0x01,
	0x335<<8 | 0x01,
	0x336<<8 | 0x01,
	0x337<<8 | 0x01,
	0x338<<8 | 0x01,
	0x339<<8 | 0xDC,
	0x33A<<8 | 0xDC,
	0x33B<<8 | 0xDC,
	0x33C<<8 | 0xDC,
	0x33D<<8 | 0xE6,
	0x33E<<8 | 0xE6,
	0x33F<<8 | 0xE6,
	0x340<<8 | 0xE6,
	0x341<<8 | 0xE6,
	0x342<<8 | 0xE6,
	0x343<<8 | 0xE6,
	0x344<<8 | 0xE6,
	0x345<<8 | 0xF0,
	0x346<<8 | 0xE6,
	0x347<<8 | 0xDC,
	0x348<<8 | 0xDC,
	0x349<<8 | 0xDC,
	0x34A<<8 | 0xE6,
	0x34B<<8 | 0xE6,
	0x34C<<8 | 0xE6,
	0x34D<<8 | 0xDC,
	0x34E<<8 | 0xDC,
	0x350<<8 | 0xE6,
	0x351<<8 | 0xE6,
	0x352<<8 | 0xE6,
	0x353<<8 | 0xDC,
	0x354<<8 | 0xDC,
	0x355<<8 | 0xDC,
	0x356<<8 | 0xDC,
	0x357<<8 | 0xE6,
	0x358<<8 | 0xE8,
	0x359<<8 | 0xDC,
	0x35A<<8 | 0xDC,
	0x35B<<8 | 0xE6,
	0x35C<<8 | 0xE9,
	0x35D<<8 | 0xEA,
	0x35E<<8 | 0xEA,
	0x35F<<8 | 0xE9,
	0x360<<8 | 0xEA,
	0x361<<8 | 0xEA,
	0x362<<8 | 0xE9,
	0x363<<8 | 0xE6,
	0x364<<8 | 0xE6,
	0x365<<8 | 0xE6,
	0x366<<8 | 0xE6,
	0x367<<8 | 0xE6,
	0x368<<8 | 0xE6,
	0x369<<8 | 0xE6,
	0x36A<<8 | 0xE6,
	0x36B<<8 | 0xE6,
	0x36C<<8 | 0xE6,
	0x36D<<8 | 0xE6,
	0x36E<<8 | 0xE6,
	0x36F<<8 | 0xE6,
	0x483<<8 | 0xE6,
	0x484<<8 | 0xE6,
	0x485<<8 | 0xE6,
	0x486<<8 | 0xE6,
	0x487<<8 | 0xE6,
	0x591<<8 | 0xDC,
	0x592<<8 | 0xE6,
	0x593<<8 | 0xE6,
	0x594<<8 | 0xE6,
	0x595<<8 | 0xE6,
	0x596<<8 | 0xDC,
	0x597<<8 | 0xE6,
	0x598<<8 | 0xE6,
	0x599<<8 | 0xE6,
	0x59A<<8 | 0xDE,
	0x59B<<8 | 0xDC,
	0x59C<<8 | 0xE6,
	0x59D<<8 | 0xE6,
	0x59E<<8 | 0xE6,
	0x59F<<8 | 0xE6,
	0x5A0<<8 | 0xE6,
	0x5A1<<8 | 0xE6,
	0x5A2<<8 | 0xDC,
	0x5A3<<8 | 0xDC,
	0x5A4<<8 | 0xDC,
	0x5A5<<8 | 0xDC,
	0x5A6<<8 | 0xDC,
	0x5A7<<8 | 0xDC,
	0x5A8<<8 | 0xE6,
	0x5A9<<8 | 0xE6,
	0x5AA<<8 | 0xDC,
	0x5AB<<8 | 0xE6,
	0x5AC<<8 | 0xE6,
	0x5AD<<8 | 0xDE,
	0x5AE<<8 | 0xE4,
	0x5AF<<8 | 0xE6,
	0x5B0<<8 | 0x0A,
	0x5B1<<8 | 0x0B,
	0x5B2<<8 | 0x0C,
	0x5B3<<8 | 0x0D,
	0x5B4<<8 | 0x0E,
	0x5B5<<8 | 0x0F,
	0x5B6<<8 | 0x10,
	0x5B7<<8 | 0x11,
	0x5B8<<8 | 0x12,
	0x5B9<<8 | 0x13,
	0x5BA<<8 | 0x13,
	0x5BB<<8 | 0x14,
	0x5BC<<8 | 0x15,
	0x5BD<<8 | 0x16,
	0x5BF<<8 | 0x17,
	0x5C1<<8 | 0x18,
	0x5C2<<8 | 0x19,
	0x5C4<<8 | 0xE6,
	0x5C5<<8 | 0xDC,
	0x5C7<<8 | 0x12,
	0x610<<8 | 0xE6,
	0x611<<8 | 0xE6,
	0x612<<8 | 0xE6,
	0x613<<8 | 0xE6,
	0x614<<8 | 0xE6,
	0x615<<8 | 0xE6,
	0x616<<8 | 0xE6,
	0x617<<8 | 0xE6,
	0x618<<8 | 0x1E,
	0x619<<8 | 0x1F,
	0x61A<<8 | 0x20,
	0x64B<<8 | 0x1B,
	0x64C<<8 | 0x1C,
	0x64D<<8 | 0x1D,
	0x64E<<8 | 0x1E,
	0x64F<<8 | 0x1F,
	0x650<<8 | 0x20,
	0x651<<8 | 0x21,
	0x652<<8 | 0x22,
	0x653<<8 | 0xE6,
	0x654<<8 | 0xE6,
	0x655<<8 | 0xDC,
	0x656<<8 | 0xDC,
	0x657<<8 | 0xE6,
	0x658<<8 | 0xE6,
	0x659<<8 | 0xE6,
	0x65A<<8 | 0xE6,
	0x65B<<8 | 0xE6,
	0x65C<<8 | 0xDC,
	0x65D<<8 | 0xE6,
	0x65E<<8 | 0xE6,
	0x65F<<8 | 0xDC,
	0x670<<8 | 0x23,
	0x6D6<<8 | 0xE6,
	0x6D7<<8 | 0xE6,
	0x6D8<<8 | 0xE6,
	0x6D9<<8 | 0xE6,
	0x6DA<<8 | 0xE6,
	0x6DB<<8 | 0xE6,
	0x6DC<<8 | 0xE6,
	0x6DF<<8 | 0xE6,
	0x6E0<<8 | 0xE6,
	0x6E1<<8 | 0xE6,
	0x6E2<<8 | 0xE6,
	0x6E3<<8 | 0xDC,
	0x6E4<<8 | 0xE6,
	0x6E7<<8 | 0xE6,
	0x6E8<<8 | 0xE6,
	0x6EA<<8 | 0xDC,
	0x6EB<<8 | 0xE6,
	0x6EC<<8 | 0xE6,
	0x6ED<<8 | 0xDC,
	0x711<<8 | 0x24,
	0x730<<8 | 0xE6,
	0x731<<8 | 0xDC,
	0x732<<8 | 0xE6,
	0x733<<8 | 0xE6,
	0x734<<8 | 0xDC,
	0x735<<8 | 0xE6,
	0x736<<8 | 0xE6,
	0x737<<8 | 0xDC,
	0x738<<8 | 0xDC,
	0x739<<8 | 0xDC,
	0x73A<<8 | 0xE6,
	0x73B<<8 | 0xDC,
	0x73C<<8 | 0xDC,
	0x73D<<8 | 0xE6,
	0x73E<<8 | 0xDC,
	0x73F<<8 | 0xE6,
	0x740<<8 | 0xE6,
	0x741<<8 | 0xE6,
	0x742<<8 | 0xDC,
	0x743<<8 | 0xE6,
	0x744<<8 | 0xDC,
	0x745<<8 | 0xE6,
	0x746<<8 | 0xDC,
	0x747<<8 | 0xE6,
	0x748<<8 | 0xDC,
	0x749<<8 | 0xE6,
	0x74A<<8 | 0xE6,
	0x7EB<<8 | 0xE6,
	0x7EC<<8 | 0xE6,
	0x7ED<<8 | 0xE6,
	0x7EE<<8 | 0xE6,
	0x7EF<<8 | 0xE6,
	0x7F0<<8 | 0xE6,
	0x7F1<<8 | 0xE6,
	0x7F2<<8 | 0xDC,
	0x7F3<<8 | 0xE6,
	0x7FD<<8 | 0xDC,
	0x816<<8 | 0xE6,
	0x817<<8 | 0xE6,
	0x818<<8 | 0xE6,
	0x819<<8 | 0xE6,
	0x81B<<8 | 0xE6,
	0x81C<<8 | 0xE6,
	0x81D<<8 | 0xE6,
	0x81E<<8 | 0xE6,
	0x81F<<8 | 0xE6,
	0x820<<8 | 0xE6,
	0x821<<8 | 0xE6,
	0x822<<8 | 0xE6,
	0x823<<8 | 0xE6,
	0x825<<8 | 0xE6,
	0x826<<8 | 0xE6,
	0x827<<8 | 0xE6,
	0x829<<8 | 0xE6,
	0x82A<<8 | 0xE6,
	0x82B<<8 | 0xE6,
	0x82C<<8 | 0xE6,
	0x82D<<8 | 0xE6,
	0x859<<8 | 0xDC,
	0x85A<<8 | 0xDC,
	0x85B<<8 | 0xDC,
	0x898<<8 | 0xE6,
	0x899<<8 | 0xDC,
	0x89A<<8 | 0xDC,
	0x89B<<8 | 0xDC,
	0x89C<<8 | 0xE6,
	0x89D<<8 | 0xE6,
	0x89E<<8 | 0xE6,
	0x89F<<8 | 0xE6,
	0x8CA<<8 | 0xE6,
	0x8CB<<8 | 0xE6,
	0x8CC<<8 | 0xE6,
	0x8CD<<8 | 0xE6,
	0x8CE<<8 | 0xE6,
	0x8CF<<8 | 0xDC,
	0x8D0<<8 | 0xDC,
	0x8D1<<8 | 0xDC,
	0x8D2<<8 | 0xDC,
	0x8D3<<8 | 0xDC,
	0x8D4<<8 | 0xE6,
	0x8D5<<8 | 0xE6,
	0x8D6<<8 | 0xE6,
	0x8D7<<8 | 0xE6,
	0x8D8<<8 | 0xE6,
	0x8D9<<8 | 0xE6,
	0x8DA<<8 | 0xE6,
	0x8DB<<8 | 0xE6,
	0x8DC<<8 | 0xE6,
	0x8DD<<8 | 0xE6,
	0x8DE<<8 | 0xE6,
	0x8DF<<8 | 0xE6,
	0x8E0<<8 | 0xE6,
	0x8E1<<8 | 0xE6,
	0x8E3<<8 | 0xDC,
	0x8E4<<8 | 0xE6,
	0x8E5<<8 | 0xE6,
	0x8E6<<8 | 0xDC,
	0x8E7<<8 | 0xE6,
	0x8E8<<8 | 0xE6,
	0x8E9<<8 | 0xDC,
	0x8EA<<8 | 0xE6,
	0x8EB<<8 | 0xE6,
	0x8EC<<8 | 0xE6,
	0x8ED<<8 | 0xDC,
	0x8EE<<8 | 0xDC,
	0x8EF<<8 | 0xDC,
	0x8F0<<8 | 0x1B,
	0x8F1<<8 | 0x1C,
	0x8F2<<8 | 0x1D,
	0x8F3<<8 | 0xE6,
	0x8F4<<8 | 0xE6,
	0x8F5<<8 | 0xE6,
	0x8F6<<8 | 0xDC,
	0x8F7<<8 | 0xE6,
	0x8F8<<8 | 0xE6,
	0x8F9<<8 | 0xDC,
	0x8FA<<8 | 0xDC,
	0x8FB<<8 | 0xE6,
	0x8FC<<8 | 0xE6,
	0x8FD<<8 | 0xE6,
	0x8FE<<8 | 0xE6,
	0x8FF<<8 | 0xE6,
	0x93C<<8 | 0x07,
	0x94D<<8 | 0x09,
	0x951<<8 | 0xE6,
	0x952<<8 | 0xDC,
	0x953<<8 | 0xE6,
	0x954<<8 | 0xE6,
	0x9BC<<8 | 0x07,
	0x9CD<<8 | 0x09,
	0x9FE<<8 | 0xE6,
	0xA3C<<8 | 0x07,
	0xA4D<<8 | 0x09,
	0xABC<<8 | 0x07,
	0xACD<<8 | 0x09,
	0xB3C<<8 | 0x07,
	0xB4D<<8 | 0x09,
	0xBCD<<8 | 0x09,
	0xC3C<<8 | 0x07,
	0xC4D<<8 | 0x09,
	0xC55<<8 | 0x54,
	0xC56<<8 | 0x5B,
	0xCBC<<8 | 0x07,
	0xCCD<<8 | 0x09,
	0xD3B<<8 | 0x09,
	0xD3C<<8 | 0x09,
	0xD4D<<8 | 0x09,
	0xDCA<<8 | 0x09,
	0xE38<<8 | 0x67,
	0xE39<<8 | 0x67,
	0xE3A<<8 | 0x09,
	0xE48<<8 | 0x6B,
	0xE49<<8 | 0x6B,
	0xE4A<<8 | 0x6B,
	0xE4B<<8 | 0x6B,
	0xEB8<<8 | 0x76,
	0xEB9<<8 | 0x76,
	0xEBA<<8 | 0x09,
	0xEC8<<8 | 0x7A,
	0xEC9<<8 | 0x7A,
	0xECA<<8 | 0x7A,
	0xECB<<8 | 0x7A,
	0xF18<<8 | 0xDC,
	0xF19<<8 | 0xDC,
	0xF35<<8 | 0xDC,
	0xF37<<8 | 0xDC,
	0xF39<<8 | 0xD8,
	0xF71<<8 | 0x81,
	0xF72<<8 | 0x82,
	0xF74<<8 | 0x84,
	0xF7A<<8 | 0x82,
	0xF7B<<8 | 0x82,
	0xF7C<<8 | 0x82,
	0xF7D<<8 | 0x82,
	0xF80<<8 | 0x82,
	0xF82<<8 | 0xE6,
	0xF83<<8 | 0xE6,
	0xF84<<8 | 0x09,
	0xF86<<8 | 0xE6,
	0xF87<<8 | 0xE6,
	0xFC6<<8 | 0xDC,
	0x1037<<8 | 0x07,
	0x1039<<8 | 0x09,
	0x103A<<8 | 0x09,
	0x108D<<8 | 0xDC,
	0x135D<<8 | 0xE6,
	0x135E<<8 | 0xE6,
	0x135F<<8 | 0xE6,
	0x1714<<8 | 0x09,
	0x1715<<8 | 0x09,
	0x1734<<8 | 0x09,
	0x17D2<<8 | 0x09,
	0x17DD<<8 | 0xE6,
	0x18A9<<8 | 0xE4,
	0x1939<<8 | 0xDE,
	0x193A<<8 | 0xE6,
	0x193B<<8 | 0xDC,
	0x1A17<<8 | 0xE6,
	0x1A18<<8 | 0xDC,
	0x1A60<<8 | 0x09,
	0x1A75<<8 | 0xE6,
	0x1A76<<8 | 0xE6,
	0x1A77<<8 | 0xE6,
	0x1A78<<8 | 0xE6,
	0x1A79<<8 | 0xE6,
	0x1A7A<<8 | 0xE6,
	0x1A7B<<8 | 0xE6,
	0x1A7C<<8 | 0xE6,
	0x1A7F<<8 | 0xDC,
	0x1AB0<<8 | 0xE6,
	0x1AB1<<8 | 0xE6,
	0x1AB2<<8 | 0xE6,
	0x1AB3<<8 | 0xE6,
	0x1AB4<<8 | 0xE6,
	0x1AB5<<8 | 0xDC,
	0x1AB6<<8 | 0xDC,
	0x1AB7<<8 | 0xDC,
	0x1AB8<<8 | 0xDC,
	0x1AB9<<8 | 0xDC,
	0x1ABA<<8 | 0xDC,
	0x1ABB<<8 | 0xE6,
	0x1ABC<<8 | 0xE6,
	0x1ABD<<8 | 0xDC,
	0x1ABF<<8 | 0xDC,
	0x1AC0<<8 | 0xDC,
	0x1AC1<<8 | 0xE6,
	0x1AC2<<8 | 0xE6,
	0x1AC3<<8 | 0xDC,
	0x1AC4<<8 | 0xDC,
	0x1AC5<<8 | 0xE6,
	0x1AC6<<8 | 0xE6,
	0x1AC7<<8 | 0xE6,
	0x1AC8<<8 | 0xE6,
	0x1AC9<<8 | 0xE6,
	0x1ACA<<8 | 0xDC,
	0x1ACB<<8 | 0xE6,
	0x1ACC<<8 | 0xE6,
	0x1ACD<<8 | 0xE6,
	0x1ACE<<8 | 0xE6,
	0x1B34<<8 | 0x07,
	0x1B44<<8 | 0x09,
	0x1B6B<<8 | 0xE6,
	0x1B6C<<8 | 0xDC,
	0x1B6D<<8 | 0xE6,
	0x1B6E<<8 | 0xE6,
	0x1B6F<<8 | 0xE6,
	0x1B70<<8 | 0xE6,
	0x1B71<<8 | 0xE6,
	0x1B72<<8 | 0xE6,
	0x1B73<<8 | 0xE6,
	0x1BAA<<8 | 0x09,
	0x1BAB<<8 | 0x09,
	0x1BE6<<8 | 0x07,
	0x1BF2<<8 | 0x09,
	0x1BF3<<8 | 0x09,
	0x1C37<<8 | 0x07,
	0x1CD0<<8 | 0xE6,
	0x1CD1<<8 | 0xE6,
	0x1CD2<<8 | 0xE6,
	0x1CD4<<8 | 0x01,
	0x1CD5<<8 | 0xDC,
	0x1CD6<<8 | 0xDC,
	0x1CD7<<8 | 0xDC,
	0x1CD8<<8 | 0xDC,
	0x1CD9<<8 | 0xDC,
	0x1CDA<<8 | 0xE6,
	0x1CDB<<8 | 0xE6,
	0x1CDC<<8 | 0xDC,
	0x1CDD<<8 | 0xDC,
	0x1CDE<<8 | 0xDC,
	0x1CDF<<8 | 0xDC,
	0x1CE0<<8 | 0xE6,
	0x1CE2<<8 | 0x01,
	0x1CE3<<8 | 0x01,
	0x1CE4<<8 | 0x01,
	0x1CE5<<8 | 0x01,
	0x1CE6<<8 | 0x01,
	0x1CE7<<8 | 0x01,
	0x1CE8<<8 | 0x01,
	0x1CED<<8 | 0xDC,
	0x1CF4<<8 | 0xE6,
	0x1CF8<<8 | 0xE6,
	0x1CF9<<8 | 0xE6,
	0x1DC0<<8 | 0xE6,
	0x1DC1<<8 | 0xE6,
	0x1DC2<<8 | 0xDC,
	0x1DC3<<8 | 0xE6,
	0x1DC4<<8 | 0xE6,
	0x1DC5<<8 | 0xE6,
	0x1DC6<<8 | 0xE6,
	0x1DC7<<8 | 0xE6,
	0x1DC8<<8 | 0xE6,
	0x1DC9<<8 | 0xE6,
	0x1DCA<<8 | 0xDC,
	0x1DCB<<8 | 0xE6,
	0x1DCC<<8 | 0xE6,
	0x1DCD<<8 | 0xEA,
	0x1DCE<<8 | 0xD6,
	0x1DCF<<8 | 0xDC,
	0x1DD0<<8 | 0xCA,
	0x1DD1<<8 | 0xE6,
	0x1DD2<<8 | 0xE6,
	0x1DD3<<8 | 0xE6,
	0x1DD4<<8 | 0xE6,
	0x1DD5<<8 | 0xE6,
	0x1DD6<<8 | 0xE6,
	0x1DD7<<8 | 0xE6,
	0x1DD8<<8 | 0xE6,
	0x1DD9<<8 | 0xE6,
	0x1DDA<<8 | 0xE6,
	0x1DDB<<8 | 0xE6,
	0x1DDC<<8 | 0xE6,
	0x1DDD<<8 | 0xE6,
	0x1DDE<<8 | 0xE6,
	0x1DDF<<8 | 0xE6,
	0x1DE0<<8 | 0xE6,
	0x1DE1<<8 | 0xE6,
	0x1DE2<<8 | 0xE6,
	0x1DE3<<8 | 0xE6,
	0x1DE4<<8 | 0xE6,
	0x1DE5<<8 | 0xE6,
	0x1DE6<<8 | 0xE6,
	0x1DE7<<8 | 0xE6,
	0x1DE8<<8 | 0xE6,
	0x1DE9<<8 | 0xE6,
	0x1DEA<<8 | 0xE6,
	0x1DEB<<8 | 0xE6,
	0x1DEC<<8 | 0xE6,
	0x1DED<<8 | 0xE6,
	0x1DEE<<8 | 0xE6,
	0x1DEF<<8 | 0xE6,
	0x1DF0<<8 | 0xE6,
	0x1DF1<<8 | 0xE6,
	0x1DF2<<8 | 0xE6,
	0x1DF3<<8 | 0xE6,
	0x1DF4<<8 | 0xE6,
	0x1DF5<<8 | 0xE6,
	0x1DF6<<8 | 0xE8,
	0x1DF7<<8 | 0xE4,
	0x1DF8<<8 | 0xE4,
	0x1DF9<<8 | 0xDC,
	0x1DFA<<8 | 0xDA,
	0x1DFB<<8 | 0xE6,
	0x1DFC<<8 | 0xE9,
	0x1DFD<<8 | 0xDC,
	0x1DFE<<8 | 0xE6,
	0x1DFF<<8 | 0xDC,
	0x20D0<<8 | 0xE6,
	0x20D1<<8 | 0xE6,
	0x20D2<<8 | 0x01,
	0x20D3<<8 | 0x01,
	0x20D4<<8 | 0xE6,
	0x20D5<<8 | 0xE6,
	0x20D6<<8 | 0xE6,
	0x20D7<<8 | 0xE6,
	0x20D8<<8 | 0x01,
	0x20D9<<8 | 0x01,
	0x20DA<<8 | 0x01,
	0x20DB<<8 | 0xE6,
	0x20DC<<8 | 0xE6,
	0x20E1<<8 | 0xE6,
	0x20E5<<8 | 0x01,
	0x20E6<<8 | 0x01,
	0x20E7<<8 | 0xE6,
	0x20E8<<8 | 0xDC,
	0x20E9<<8 | 0xE6,
	0x20EA<<8 | 0x01,
	0x20EB<<8 | 0x01,
	0x20EC<<8 | 0xDC,
	0x20ED<<8 | 0xDC,
	0x20EE<<8 | 0xDC,
	0x20EF<<8 | 0xDC,
	0x20F0<<8 | 0xE6,
	0x2CEF<<8 | 0xE6,
	0x2CF0<<8 | 0xE6,
	0x2CF1<<8 | 0xE6,
	0x2D7F<<8 | 0x09,
	0x2DE0<<8 | 0xE6,
	0x2DE1<<8 | 0xE6,
	0x2DE2<<8 | 0xE6,
	0x2DE3<<8 | 0xE6,
	0x2DE4<<8 | 0xE6,
	0x2DE5<<8 | 0xE6,
	0x2DE6<<8 | 0xE6,
	0x2DE7<<8 | 0xE6,
	0x2DE8<<8 | 0xE6,
	0x2DE9<<8 | 0xE6,
	0x2DEA<<8 | 0xE6,
	0x2DEB<<8 | 0xE6,
	0x2DEC<<8 | 0xE6,
	0x2DED<<8 | 0xE6,
	0x2DEE<<8 | 0xE6,
	0x2DEF<<8 | 0xE6,
	0x2DF0<<8 | 0xE6,
	0x2DF1<<8 | 0xE6,
	0x2DF2<<8 | 0xE6,
	0x2DF3<<8 | 0xE6,
	0x2DF4<<8 | 0xE6,
	0x2DF5<<8 | 0xE6,
	0x2DF6<<8 | 0xE6,
	0x2DF7<<8 | 0xE6,
	0x2DF8<<8 | 0xE6,
	0x2DF9<<8 | 0xE6,
	0x2DFA<<8 | 0xE6,
	0x2DFB<<8 | 0xE6,
	0x2DFC<<8 | 0xE6,
	0x2DFD<<8 | 0xE6,
	0x2DFE<<8 | 0xE6,
	0x2DFF<<8 | 0xE6,
	0x302A<<8 | 0xDA,
	0x302B<<8 | 0xE4,
	0x302C<<8 | 0xE8,
	0x302D<<8 | 0xDE,
	0x302E<<8 | 0xE0,
	0x302F<<8 | 0xE0,
	0x3099<<8 | 0x08,
	0x309A<<8 | 0x08,
	0xA66F<<8 | 0xE6,
	0xA674<<8 | 0xE6,
	0xA675<<8 | 0xE6,
	0xA676<<8 | 0xE6,
	0xA677<<8 | 0xE6,
	0xA678<<8 | 0xE6,
	0xA679<<8 | 0xE6,
	0xA67A<<8 | 0xE6,
	0xA67B<<8 | 0xE6,
	0xA67C<<8 | 0xE6,
	0xA67D<<8 | 0xE6,
	0xA69E<<8 | 0xE6,
	0xA69F<<8 | 0xE6,
	0xA6F0<<8 | 0xE6,
	0xA6F1<<8 | 0xE6,
	0xA806<<8 | 0x09,
	0xA82C<<8 | 0x09,
	0xA8C4<<8 | 0x09,
	0xA8E0<<8 | 0xE6,
	0xA8E1<<8 | 0xE6,
	0xA8E2<<8 | 0xE6,
	0xA8E3<<8 | 0xE6,
	0xA8E4<<8 | 0xE6,
	0xA8E5<<8 | 0xE6,
	0xA8E6<<8 | 0xE6,
	0xA8E7<<8 | 0xE6,
	0xA8E8<<8 | 0xE6,
	0xA8E9<<8 | 0xE6,
	0xA8EA<<8 | 0xE6,
	0xA8EB<<8 | 0xE6,
	0xA8EC<<8 | 0xE6,
	0xA8ED<<8 | 0xE6,
	0xA8EE<<8 | 0xE6,
	0xA8EF<<8 | 0xE6,
	0xA8F0<<8 | 0xE6,
	0xA8F1<<8 | 0xE6,
	0xA92B<<8 | 0xDC,
	0xA92C<<8 | 0xDC,
	0xA92D<<8 | 0xDC,
	0xA953<<8 | 0x09,
	0xA9B3<<8 | 0x07,
	0xA9C0<<8 | 0x09,
	0xAAB0<<8 | 0xE6,
	0xAAB2<<8 | 0xE6,
	0xAAB3<<8 | 0xE6,
	0xAAB4<<8 | 0xDC,
	0xAAB7<<8 | 0xE6,
	0xAAB8<<8 | 0xE6,
	0xAABE<<8 | 0xE6,
	0xAABF<<8 | 0xE6,
	0xAAC1<<8 | 0xE6,
	0xAAF6<<8 | 0x09,
	0xABED<<8 | 0x09,
	0xFB1E<<8 | 0x1A,
	0xFE20<<8 | 0xE6,
	0xFE21<<8 | 0xE6,
	0xFE22<<8 | 0xE6,
	0xFE23<<8 | 0xE6,
	0xFE24<<8 | 0xE6,
	0xFE25<<8 | 0xE6,
	0xFE26<<8 | 0xE6,
	0xFE27<<8 | 0xDC,
	0xFE28<<8 | 0xDC,
	0xFE29<<8 | 0xDC,
	0xFE2A<<8 | 0xDC,
	0xFE2B<<8 | 0xDC,
	0xFE2C<<8 | 0xDC,
	0xFE2D<<8 | 0xDC,
	0xFE2E<<8 | 0xE6,
	0xFE2F<<8 | 0xE6,
	0x101FD<<8 | 0xDC,
	0x102E0<<8 | 0xDC,
	0x10376<<8 | 0xE6,
	0x10377<<8 | 0xE6,
	0x10378<<8 | 0xE6,
	0x10379<<8 | 0xE6,
	0x1037A<<8 | 0xE6,
	0x10A0D<<8 | 0xDC,
	0x10A0F<<8 | 0xE6,
	0x10A38<<8 | 0xE6,
	0x10A39<<8 | 0x01,
	0x10A3A<<8 | 0xDC,
	0x10A3F<<8 | 0x09,
	0x10AE5<<8 | 0xE6,
	0x10AE6<<8 | 0xDC,
	0x10D24<<8 | 0xE6,
	0x10D25<<8 | 0xE6,
	0x10D26<<8 | 0xE6,
	0x10D27<<8 | 0xE6,
	0x10EAB<<8 | 0xE6,
	0x10EAC<<8 | 0xE6,
	0x10EFD<<8 | 0xDC,
	0x10EFE<<8 | 0xDC,
	0x10EFF<<8 | 0xDC,
	0x10F46<<8 | 0xDC,
	0x10F47<<8 | 0xDC,
	0x10F48<<8 | 0xE6,
	0x10F49<<8 | 0xE6,
	0x10F4A<<8 | 0xE6,
	0x10F4B<<8 | 0xDC,
	0x10F4C<<8 | 0xE6,
	0x10F4D<<8 | 0xDC,
	0x10F4E<<8 | 0xDC,
	0x10F4F<<8 | 0xDC,
	0x10F50<<8 | 0xDC,
	0x10F82<<8 | 0xE6,
	0x10F83<<8 | 0xDC,
	0x10F84<<8 | 0xE6,
	0x10F85<<8 | 0xDC,
	0x11046<<8 | 0x09,
	0x11070<<8 | 0x09,
	0x1107F<<8 | 0x09,
	0x110B9<<8 | 0x09,
	0x110BA<<8 | 0x07,
	0x11100<<8 | 0xE6,
	0x11101<<8 | 0xE6,
	0x11102<<8 | 0xE6,
	0x11133<<8 | 0x09,
	0x11134<<8 | 0x09,
	0x11173<<8 | 0x07,
	0x111C0<<8 | 0x09,
	0x111CA<<8 | 0x07,
	0x11235<<8 | 0x09,
	0x11236<<8 | 0x07,
	0x112E9<<8 | 0x07,
	0x112EA<<8 | 0x09,
	0x1133B<<8 | 0x07,
	0x1133C<<8 | 0x07,
	0x1134D<<8 | 0x09,
	0x11366<<8 | 0xE6,
	0x11367<<8 | 0xE6,
	0x11368<<8 | 0xE6,
	0x11369<<8 | 0xE6,
	0x1136A<<8 | 0xE6,
	0x1136B<<8 | 0xE6,
	0x1136C<<8 | 0xE6,
	0x11370<<8 | 0xE6,
	0x11371<<8 | 0xE6,
	0x11372<<8 | 0xE6,
	0x11373<<8 | 0xE6,
	0x11374<<8 | 0xE6,
	0x11442<<8 | 0x09,
	0x11446<<8 | 0x07,
	0x1145E<<8 | 0xE6,
	0x114C2<<8 | 0x09,
	0x114C3<<8 | 0x07,
	0x115BF<<8 | 0x09,
	0x115C0<<8 | 0x07,
	0x1163F<<8 | 0x09,
	0x116B6<<8 | 0x09,
	0x116B7<<8 | 0x07,
	0x1172B<<8 | 0x09,
	0x11839<<8 | 0x09,
	0x1183A<<8 | 0x07,
	0x1193D<<8 | 0x09,
	0x1193E<<8 | 0x09,
	0x11943<<8 | 0x07,
	0x119E0<<8 | 0x09,
	0x11A34<<8 | 0x09,
	0x11A47<<8 | 0x09,
	0x11A99<<8 | 0x09,
	0x11C3F<<8 | 0x09,
	0x11D42<<8 | 0x07,
	0x11D44<<8 | 0x09,
	0x11D45<<8 | 0x09,
	0x11D97<<8 | 0x09,
	0x11F41<<8 | 0x09,
	0x11F42<<8 | 0x09,
	0x16AF0<<8 | 0x01,
	0x16AF1<<8 | 0x01,
	0x16AF2<<8 | 0x01,
	0x16AF3<<8 | 0x01,
	0x16AF4<<8 | 0x01,
	0x16B30<<8 | 0xE6,
	0x16B31<<8 | 0xE6,
	0x16B32<<8 | 0xE6,
	0x16B33<<8 | 0xE6,
	0x16B34<<8 | 0xE6,
	0x16B35<<8 | 0xE6,
	0x16B36<<8 | 0xE6,
	0x16FF0<<8 | 0x06,
	0x16FF1<<8 | 0x06,
	0x1BC9E<<8 | 0x01,
	0x1D165<<8 | 0xD8,
	0x1D166<<8 | 0xD8,
	0x1D167<<8 | 0x01,
	0x1D168<<8 | 0x01,
	0x1D169<<8 | 0x01,
	0x1D16D<<8 | 0xE2,
	0x1D16E<<8 | 0xD8,
	0x1D16F<<8 | 0xD8,
	0x1D170<<8 | 0xD8,
	0x1D171<<8 | 0xD8,
	0x1D172<<8 | 0xD8,
	0x1D17B<<8 | 0xDC,
	0x1D17C<<8 | 0xDC,
	0x1D17D<<8 | 0xDC,
	0x1D17E<<8 | 0xDC,
	0x1D17F<<8 | 0xDC,
	0x1D180<<8 | 0xDC,
	0x1D181<<8 | 0xDC,
	0x1D182<<8 | 0xDC,
	0x1D185<<8 | 0xE6,
	0x1D186<<8 | 0xE6,
	0x1D187<<8 | 0xE6,
	0x1D188<<8 | 0xE6,
	0x1D189<<8 | 0xE6,
	0x1D18A<<8 | 0xDC,
	0x1D18B<<8 | 0xDC,
	0x1D1AA<<8 | 0xE6,
	0x1D1AB<<8 | 0xE6,
	0x1D1AC<<8 | 0xE6,
	0x1D1AD<<8 | 0xE6,
	0x1D242<<8 | 0xE6,
	0x1D243<<8 | 0xE6,
	0x1D244<<8 | 0xE6,
	0x1E000<<8 | 0xE6,
	0x1E001<<8 | 0xE6,
	0x1E002<<8 | 0xE6,
	0x1E003<<8 | 0xE6,
	0x1E004<<8 | 0xE6,
	0x1E005<<8 | 0xE6,
	0x1E006<<8 | 0xE6,
	0x1E008<<8 | 0xE6,
	0x1E009<<8 | 0xE6,
	0x1E00A<<8 | 0xE6,
	0x1E00B<<8 | 0xE6,
	0x1E00C<<8 | 0xE6,
	0x1E00D<<8 | 0xE6,
	0x1E00E<<8 | 0xE6,
	0x1E00F<<8 | 0xE6,
	0x1E010<<8 | 0xE6,
	0x1E011<<8 | 0xE6,
	0x1E012<<8 | 0xE6,
	0x1E013<<8 | 0xE6,
	0x1E014<<8 | 0xE6,
	0x1E015<<8 | 0xE6,
	0x1E016<<8 | 0xE6,
	0x1E017<<8 | 0xE6,
	0x1E018<<8 | 0xE6,
	0x1E01B<<8 | 0xE6,
	0x1E01C<<8 | 0xE6,
	0x1E01D<<8 | 0xE6,
	0x1E01E<<8 | 0xE6,
	0x1E01F<<8 | 0xE6,
	0x1E020<<8 | 0xE6,
	0x1E021<<8 | 0xE6,
	0x1E023<<8 | 0xE6,
	0x1E024<<8 | 0xE6,
	0x1E026<<8 | 0xE6,
	0x1E027<<8 | 0xE6,
	0x1E028<<8 | 0xE6,
	0x1E029<<8 | 0xE6,
	0x1E02A<<8 | 0xE6,
	0x1E08F<<8 | 0xE6,
	0x1E130<<8 | 0xE6,
	0x1E131<<8 | 0xE6,
	0x1E132<<8 | 0xE6,
	0x1E133<<8 | 0xE6,
	0x1E134<<8 | 0xE6,
	0x1E135<<8 | 0xE6,
	0x1E136<<8 | 0xE6,
	0x1E2AE<<8 | 0xE6,
	0x1E2EC<<8 | 0xE6,
	0x1E2ED<<8 | 0xE6,
	0x1E2EE<<8 | 0xE6,
	0x1E2EF<<8 | 0xE6,
	0x1E4EC<<8 | 0xE8,
	0x1E4ED<<8 | 0xE8,
	0x1E4EE<<8 | 0xDC,
	0x1E4EF<<8 | 0xE6,
	0x1E8D0<<8 | 0xDC,
	0x1E8D1<<8 | 0xDC,
	0x1E8D2<<8 | 0xDC,
	0x1E8D3<<8 | 0xDC,
	0x1E8D4<<8 | 0xDC,
	0x1E8D5<<8 | 0xDC,
	0x1E8D6<<8 | 0xDC,
	0x1E944<<8 | 0xE6,
	0x1E945<<8 | 0xE6,
	0x1E946<<8 | 0xE6,
	0x1E947<<8 | 0xE6,
	0x1E948<<8 | 0xE6,
	0x1E949<<8 | 0xE6,
	0x1E94A<<8 | 0x07,
}

// decomposable holds every code point with a canonical decomposition, in
// order. The decomposition of decomposable[i] is decompositions sliced from
// decompositionOffsets[i] to decompositionOffsets[i+1]. Each is the full
// canonical decomposition, so it never has to be applied again.
var decomposable = [...]rune{
	0xC0,
	0xC1,
	0xC2,
	0xC3,
	0xC4,
	0xC5,
	0xC7,
	0xC8,
	0xC9,
	0xCA,
	0xCB,
	0xCC,
	0xCD,
	0xCE,
	0xCF,
	0xD1,
	0xD2,
	0xD3,
	0xD4,
	0xD5,
	0xD6,
	0xD9,
	0xDA,
	0xDB,
	0xDC,
	0xDD,
	0xE0,
	0xE1,
	0xE2,
	0xE3,
	0xE4,
	0xE5,
	0xE7,
	0xE8,
	0xE9,
	0xEA,
	0xEB,
	0xEC,
	0xED,
	0xEE,
	0xEF,
	0xF1,
	0xF2,
	0xF3,
	0xF4,
	0xF5,
	0xF6,
	0xF9,
	0xFA,
	0xFB,
	0xFC,
	0xFD,
	0xFF,
	0x100,
	0x101,
	0x102,
	0x103,
	0x104,
	0x105,
	0x106,
	0x107,
	0x108,
	0x109,
	0x10A,
	0x10B,
	0x10C,
	0x10D,
	0x10E,
	0x10F,
	0x112,
	0x113,
	0x114,
	0x115,
	0x116,
	0x117,
	0x118,
	0x119,
	0x11A,
	0x11B,
	0x11C,
	0x11D,
	0x11E,
	0x11F,
	0x120,
	0x121,
	0x122,
	0x123,
	0x124,
	0x125,
	0x128,
	0x129,
	0x12A,
	0x12B,
	0x12C,
	0x12D,
	0x12E,
	0x12F,
	0x130,
	0x134,
	0x135,
	0x136,
	0x137,
	0x139,
	0x13A,
	0x13B,
	0x13C,
	0x13D,
	0x13E,
	0x143,
	0x144,
	0x145,
	0x146,
	0x147,
	0x148,
	0x14C,
	0x14D,
	0x14E,
	0x14F,
	0x150,
	0x151,
	0x154,
	0x155,
	0x156,
	0x157,
	0x158,
	0x159,
	0x15A,
	0x15B,
	0x15C,
	0x15D,
	0x15E,
	0x15F,
	0x160,
	0x161,
	0x162,
	0x163,
	0x164,
	0x165,
	0x168,
	0x169,
	0x16A,
	0x16B,
	0x16C,
	0x16D,
	0x16E,
	0x16F,
	0x170,
	0x171,
	0x172,
	0x173,
	0x174,
	0x175,
	0x176,
	0x177,
	0x178,
	0x179,
	0x17A,
	0x17B,
	0x17C,
	0x17D,
	0x17E,
	0x1A0,
	0x1A1,
	0x1AF,
	0x1B0,
	0x1CD,
	0x1CE,
	0x1CF,
	0x1D0,
	0x1D1,
	0x1D2,
	0x1D3,
	0x1D4,
	0x1D5,
	0x1D6,
	0x1D7,
	0x1D8,
	0x1D9,
	0x1DA,
	0x1DB,
	0x1DC,
	0x1DE,
	0x1DF,
	0x1E0,
	0x1E1,
	0x1E2,
	0x1E3,
	0x1E6,
	0x1E7,
	0x1E8,
	0x1E9,
	0x1EA,
	0x1EB,
	0x1EC,
	0x1ED,
	0x1EE,
	0x1EF,
	0x1F0,
	0x1F4,
	0x1F5,
	0x1F8,
	0x1F9,
	0x1FA,
	0x1FB,
	0x1FC,
	0x1FD,
	0x1FE,
	0x1FF,
	0x200,
	0x201,
	0x202,
	0x203,
	0x204,
	0x205,
	0x206,
	0x207,
	0x208,
	0x209,
	0x20A,
	0x20B,
	0x20C,
	0x20D,
	0x20E,
	0x20F,
	0x210,
	0x211,
	0x212,
	0x213,
	0x214,
	0x215,
	0x216,
	0x217,
	0x218,
	0x219,
	0x21A,
	0x21B,
	0x21E,
	0x21F,
	0x226,
	0x227,
	0x228,
	0x229,
	0x22A,
	0x22B,
	0x22C,
	0x22D,
	0x22E,
	0x22F,
	0x230,
	0x231,
	0x232,
	0x233,
	0x340,
	0x341,
	0x343,
	0x344,
	0x374,
	0x37E,
	0x385,
	0x386,
	0x387,
	0x388,
	0x389,
	0x38A,
	0x38C,
	0x38E,
	0x38F,
	0x390,
	0x3AA,
	0x3AB,
	0x3AC,
	0x3AD,
	0x3AE,
	0x3AF,
	0x3B0,
	0x3CA,
	0x3CB,
	0x3CC,
	0x3CD,
	0x3CE,
	0x3D3,
	0x3D4,
	0x400,
	0x401,
	0x403,
	0x407,
	0x40C,
	0x40D,
	0x40E,
	0x419,
	0x439,
	0x450,
	0x451,
	0x453,
	0x457,
	0x45C,
	0x45D,
	0x45E,
	0x476,
	0x477,
	0x4C1,
	0x4C2,
	0x4D0,
	0x4D1,
	0x4D2,
	0x4D3,
	0x4D6,
	0x4D7,
	0x4DA,
	0x4DB,
	0x4DC,
	0x4DD,
	0x4DE,
	0x4DF,
	0x4E2,
	0x4E3,
	0x4E4,
	0x4E5,
	0x4E6,
	0x4E7,
	0x4EA,
	0x4EB,
	0x4EC,
	0x4ED,
	0x4EE,
	0x4EF,
	0x4F0,
	0x4F1,
	0x4F2,
	0x4F3,
	0x4F4,
	0x4F5,
	0x4F8,
	0x4F9,
	0x622,
	0x623,
	0x624,
	0x625,
	0x626,
	0x6C0,
	0x6C2,
	0x6D3,
	0x929,
	0x931,
	0x934,
	0x958,
	0x959,
	0x95A,
	0x95B,
	0x95C,
	0x95D,
	0x95E,
	0x95F,
	0x9CB,
	0x9CC,
	0x9DC,
	0x9DD,
	0x9DF,
	0xA33,
	0xA36,
	0xA59,
	0xA5A,
	0xA5B,
	0xA5E,
	0xB48,
	0xB4B,
	0xB4C,
	0xB5C,
	0xB5D,
	0xB94,
	0xBCA,
	0xBCB,
	0xBCC,
	0xC48,
	0xCC0,
	0xCC7,
	0xCC8,
	0xCCA,
	0xCCB,
	0xD4A,
	0xD4B,
	0xD4C,
	0xDDA,
	0xDDC,
	0xDDD,
	0xDDE,
	0xF43,
	0xF4D,
	0xF52,
	0xF57,
	0xF5C,
	0xF69,
	0xF73,
	0xF75,
	0xF76,
	0xF78,
	0xF81,
	0xF93,
	0xF9D,
	0xFA2,
	0xFA7,
	0xFAC,
	0xFB9,
	0x1026,
	0x1B06,
	0x1B08,
	0x1B0A,
	0x1B0C,
	0x1B0E,
	0x1B12,
	0x1B3B,
	0x1B3D,
	0x1B40,
	0x1B41,
	0x1B43,
	0x1E00,
	0x1E01,
	0x1E02,
	0x1E03,
	0x1E04,
	0x1E05,
	0x1E06,
	0x1E07,
	0x1E08,
	0x1E09,
	0x1E0A,
	0x1E0B,
	0x1E0C,
	0x1E0D,
	0x1E0E,
	0x1E0F,
	0x1E10,
	0x1E11,
	0x1E12,
	0x1E13,
	0x1E14,
	0x1E15,
	0x1E16,
	0x1E17,
	0x1E18,
	0x1E19,
	0x1E1A,
	0x1E1B,
	0x1E1C,
	0x1E1D,
	0x1E1E,
	0x1E1F,
	0x1E20,
	0x1E21,
	0x1E22,
	0x1E23,
	0x1E24,
	0x1E25,
	0x1E26,
	0x1E27,
	0x1E28,
	0x1E29,
	0x1E2A,
	0x1E2B,
	0x1E2C,
	0x1E2D,
	0x1E2E,
	0x1E2F,
	0x1E30,
	0x1E31,
	0x1E32,
	0x1E33,
	0x1E34,
	0x1E35,
	0x1E36,
	0x1E37,
	0x1E38,
	0x1E39,
	0x1E3A,
	0x1E3B,
	0x1E3C,
	0x1E3D,
	0x1E3E,
	0x1E3F,
	0x1E40,
	0x1E41,
	0x1E42,
	0x1E43,
	0x1E44,
	0x1E45,
	0x1E46,
	0x1E47,
	0x1E48,
	0x1E49,
	0x1E4A,
	0x1E4B,
	0x1E4C,
	0x1E4D,
	0x1E4E,
	0x1E4F,
	0x1E50,
	0x1E51,
	0x1E52,
	0x1E53,
	0x1E54,
	0x1E55,
	0x1E56,
	0x1E57,
	0x1E58,
	0x1E59,
	0x1E5A,
	0x1E5B,
	0x1E5C,
	0x1E5D,
	0x1E5E,
	0x1E5F,
	0x1E60,
	0x1E61,
	0x1E62,
	0x1E63,
	0x1E64,
	0x1E65,
	0x1E66,
	0x1E67,
	0x1E68,
	0x1E69,
	0x1E6A,
	0x1E6B,
	0x1E6C,
	0x1E6D,
	0x1E6E,
	0x1E6F,
	0x1E70,
	0x1E71,
	0x1E72,
	0x1E73,
	0x1E74,
	0x1E75,
	0x1E76,
	0x1E77,
	0x1E78,
	0x1E79,
	0x1E7A,
	0x1E7B,
	0x1E7C,
	0x1E7D,
	0x1E7E,
	0x1E7F,
	0x1E80,
	0x1E81,
	0x1E82,
	0x1E83,
	0x1E84,
	0x1E85,
	0x1E86,
	0x1E87,
	0x1E88,
	0x1E89,
	0x1E8A,
	0x1E8B,
	0x1E8C,
	0x1E8D,
	0x1E8E,
	0x1E8F,
	0x1E90,
	0x1E91,
	0x1E92,
	0x1E93,
	0x1E94,
	0x1E95,
	0x1E96,
	0x1E97,
	0x1E98,
	0x1E99,
	0x1E9B,
	0x1EA0,
	0x1EA1,
	0x1EA2,
	0x1EA3,
	0x1EA4,
	0x1EA5,
	0x1EA6,
	0x1EA7,
	0x1EA8,
	0x1EA9,
	0x1EAA,
	0x1EAB,
	0x1EAC,
	0x1EAD,
	0x1EAE,
	0x1EAF,
	0x1EB0,
	0x1EB1,
	0x1EB2,
	0x1EB3,
	0x1EB4,
	0x1EB5,
	0x1EB6,
	0x1EB7,
	0x1EB8,
	0x1EB9,
	0x1EBA,
	0x1EBB,
	0x1EBC,
	0x1EBD,
	0x1EBE,
	0x1EBF,
	0x1EC0,
	0x1EC1,
	0x1EC2,
	0x1EC3,
	0x1EC4,
	0x1EC5,
	0x1EC6,
	0x1EC7,
	0x1EC8,
	0x1EC9,
	0x1ECA,
	0x1ECB,
	0x1ECC,
	0x1ECD,
	0x1ECE,
	0x1ECF,
	0x1ED0,
	0x1ED1,
	0x1ED2,
	0x1ED3,
	0x1ED4,
	0x1ED5,
	0x1ED6,
	0x1ED7,
	0x1ED8,
	0x1ED9,
	0x1EDA,
	0x1EDB,
	0x1EDC,
	0x1EDD,
	0x1EDE,
	0x1EDF,
	0x1EE0,
	0x1EE1,
	0x1EE2,
	0x1EE3,
	0x1EE4,
	0x1EE5,
	0x1EE6,
	0x1EE7,
	0x1EE8,
	0x1EE9,
	0x1EEA,
	0x1EEB,
	0x1EEC,
	0x1EED,
	0x1EEE,
	0x1EEF,
	0x1EF0,
	0x1EF1,
	0x1EF2,
	0x1EF3,
	0x1EF4,
	0x1EF5,
	0x1EF6,
	0x1EF7,
	0x1EF8,
	0x1EF9,
	0x1F00,
	0x1F01,
	0x1F02,
	0x1F03,
	0x1F04,
	0x1F05,
	0x1F06,
	0x1F07,
	0x1F08,
	0x1F09,
	0x1F0A,
	0x1F0B,
	0x1F0C,
	0x1F0D,
	0x1F0E,
	0x1F0F,
	0x1F10,
	0x1F11,
	0x1F12,
	0x1F13,
	0x1F14,
	0x1F15,
	0x1F18,
	0x1F19,
	0x1F1A,
	0x1F1B,
	0x1F1C,
	0x1F1D,
	0x1F20,
	0x1F21,
	0x1F22,
	0x1F23,
	0x1F24,
	0x1F25,
	0x1F26,
	0x1F27,
	0x1F28,
	0x1F29,
	0x1F2A,
	0x1F2B,
	0x1F2C,
	0x1F2D,
	0x1F2E,
	0x1F2F,
	0x1F30,
	0x1F31,
	0x1F32,
	0x1F33,
	0x1F34,
	0x1F35,
	0x1F36,
	0x1F37,
	0x1F38,
	0x1F39,
	0x1F3A,
	0x1F3B,
	0x1F3C,
	0x1F3D,
	0x1F3E,
	0x1F3F,
	0x1F40,
	0x1F41,
	0x1F42,
	0x1F43,
	0x1F44,
	0x1F45,
	0x1F48,
	0x1F49,
	0x1F4A,
	0x1F4B,
	0x1F4C,
	0x1F4D,
	0x1F50,
	0x1F51,
	0x1F52,
	0x1F53,
	0x1F54,
	0x1F55,
	0x1F56,
	0x1F57,
	0x1F59,
	0x1F5B,
	0x1F5D,
	0x1F5F,
	0x1F60,
	0x1F61,
	0x1F62,
	0x1F63,
	0x1F64,
	0x1F65,
	0x1F66,
	0x1F67,
	0x1F68,
	0x1F69,
	0x1F6A,
	0x1F6B,
	0x1F6C,
	0x1F6D,
	0x1F6E,
	0x1F6F,
	0x1F70,
	0x1F71,
	0x1F72,
	0x1F73,
	0x1F74,
	0x1F75,
	0x1F76,
	0x1F77,
	0x1F78,
	0x1F79,
	0x1F7A,
	0x1F7B,
	0x1F7C,
	0x1F7D,
	0x1F80,
	0x1F81,
	0x1F82,
	0x1F83,
	0x1F84,
	0x1F85,
	0x1F86,
	0x1F87,
	0x1F88,
	0x1F89,
	0x1F8A,
	0x1F8B,
	0x1F8C,
	0x1F8D,
	0x1F8E,
	0x1F8F,
	0x1F90,
	0x1F91,
	0x1F92,
	0x1F93,
	0x1F94,
	0x1F95,
	0x1F96,
	0x1F97,
	0x1F98,
	0x1F99,
	0x1F9A,
	0x1F9B,
	0x1F9C,
	0x1F9D,
	0x1F9E,
	0x1F9F,
	0x1FA0,
	0x1FA1,
	0x1FA2,
	0x1FA3,
	0x1FA4,
	0x1FA5,
	0x1FA6,
	0x1FA7,
	0x1FA8,
	0x1FA9,
	0x1FAA,
	0x1FAB,
	0x1FAC,
	0x1FAD,
	0x1FAE,
	0x1FAF,
	0x1FB0,
	0x1FB1,
	0x1FB2,
	0x1FB3,
	0x1FB4,
	0x1FB6,
	0x1FB7,
	0x1FB8,
	0x1FB9,
	0x1FBA,
	0x1FBB,
	0x1FBC,
	0x1FBE,
	0x1FC1,
	0x1FC2,
	0x1FC3,
	0x1FC4,
	0x1FC6,
	0x1FC7,
	0x1FC8,
	0x1FC9,
	0x1FCA,
	0x1FCB,
	0x1FCC,
	0x1FCD,
	0x1FCE,
	0x1FCF,
	0x1FD0,
	0x1FD1,
	0x1FD2,
	0x1FD3,
	0x1FD6,
	0x1FD7,
	0x1FD8,
	0x1FD9,
	0x1FDA,
	0x1FDB,
	0x1FDD,
	0x1FDE,
	0x1FDF,
	0x1FE0,
	0x1FE1,
	0x1FE2,
	0x1FE3,
	0x1FE4,
	0x1FE5,
	0x1FE6,
	0x1FE7,
	0x1FE8,
	0x1FE9,
	0x1FEA,
	0x1FEB,
	0x1FEC,
	0x1FED,
	0x1FEE,
	0x1FEF,
	0x1FF2,
	0x1FF3,
	0x1FF4,
	0x1FF6,
	0x1FF7,
	0x1FF8,
	0x1FF9,
	0x1FFA,
	0x1FFB,
	0x1FFC,
	0x1FFD,
	0x2000,
	0x2001,
	0x2126,
	0x212A,
	0x212B,
	0x219A,
	0x219B,
	0x21AE,
	0x21CD,
	0x21CE,
	0x21CF,
	0x2204,
	0x2209,
	0x220C,
	0x2224,
	0x2226,
	0x2241,
	0x2244,
	0x2247,
	0x2249,
	0x2260,
	0x2262,
	0x226D,
	0x226E,
	0x226F,
	0x2270,
	0x2271,
	0x2274,
	0x2275,
	0x2278,
	0x2279,
	0x2280,
	0x2281,
	0x2284,
	0x2285,
	0x2288,
	0x2289,
	0x22AC,
	0x22AD,
	0x22AE,
	0x22AF,
	0x22E0,
	0x22E1,
	0x22E2,
	0x22E3,
	0x22EA,
	0x22EB,
	0x22EC,
	0x22ED,
	0x2329,
	0x232A,
	0x2ADC,
	0x304C,
	0x304E,
	0x3050,
	0x3052,
	0x3054,
	0x3056,
	0x3058,
	0x305A,
	0x305C,
	0x305E,
	0x3060,
	0x3062,
	0x3065,
	0x3067,
	0x3069,
	0x3070,
	0x3071,
	0x3073,
	0x3074,
	0x3076,
	0x3077,
	0x3079,
	0x307A,
	0x307C,
	0x307D,
	0x3094,
	0x309E,
	0x30AC,
	0x30AE,
	0x30B0,
	0x30B2,
	0x30B4,
	0x30B6,
	0x30B8,
	0x30BA,
	0x30BC,
	0x30BE,
	0x30C0,
	0x30C2,
	0x30C5,
	0x30C7,
	0x30C9,
	0x30D0,
	0x30D1,
	0x30D3,
	0x30D4,
	0x30D6,
	0x30D7,
	0x30D9,
	0x30DA,
	0x30DC,
	0x30DD,
	0x30F4,
	0x30F7,
	0x30F8,
	0x30F9,
	0x30FA,
	0x30FE,
	0xF900,
	0xF901,
	0xF902,
	0xF903,
	0xF904,
	0xF905,
	0xF906,
	0xF907,
	0xF908,
	0xF909,
	0xF90A,
	0xF90B,
	0xF90C,
	0xF90D,
	0xF90E,
	0xF90F,
	0xF910,
	0xF911,
	0xF912,
	0xF913,
	0xF914,
	0xF915,
	0xF916,
	0xF917,
	0xF918,
	0xF919,
	0xF91A,
	0xF91B,
	0xF91C,
	0xF91D,
	0xF91E,
	0xF91F,
	0xF920,
	0xF921,
	0xF922,
	0xF923,
	0xF924,
	0xF925,
	0xF926,
	0xF927,
	0xF928,
	0xF929,
	0xF92A,
	0xF92B,
	0xF92C,
	0xF92D,
	0xF92E,
	0xF92F,
	0xF930,
	0xF931,
	0xF932,
	0xF933,
	0xF934,
	0xF935,
	0xF936,
	0xF937,
	0xF938,
	0xF939,
	0xF93A,
	0xF93B,
	0xF93C,
	0xF93D,
	0xF93E,
	0xF93F,
	0xF940,
	0xF941,
	0xF942,
	0xF943,
	0xF944,
	0xF945,
	0xF946,
	0xF947,
	0xF948,
	0xF949,
	0xF94A,
	0xF94B,
	0xF94C,
	0xF94D,
	0xF94E,
	0xF94F,
	0xF950,
	0xF951,
	0xF952,
	0xF953,
	0xF954,
	0xF955,
	0xF956,
	0xF957,
	0xF958,
	0xF959,
	0xF95A,
	0xF95B,
	0xF95C,
	0xF95D,
	0xF95E,
	0xF95F,
	0xF960,
	0xF961,
	0xF962,
	0xF963,
	0xF964,
	0xF965,
	0xF966,
	0xF967,
	0xF968,
	0xF969,
	0xF96A,
	0xF96B,
	0xF96C,
	0xF96D,
	0xF96E,
	0xF96F,
	0xF970,
	0xF971,
	0xF972,
	0xF973,
	0xF974,
	0xF975,
	0xF976,
	0xF977,
	0xF978,
	0xF979,
	0xF97A,
	0xF97B,
	0xF97C,
	0xF97D,
	0xF97E,
	0xF97F,
	0xF980,
	0xF981,
	0xF982,
	0xF983,
	0xF984,
	0xF985,
	0xF986,
	0xF987,
	0xF988,
	0xF989,
	0xF98A,
	0xF98B,
	0xF98C,
	0xF98D,
	0xF98E,
	0xF98F,
	0xF990,
	0xF991,
	0xF992,
	0xF993,
	0xF994,
	0xF995,
	0xF996,
	0xF997,
	0xF998,
	0xF999,
	0xF99A,
	0xF99B,
	0xF99C,
	0xF99D,
	0xF99E,
	0xF99F,
	0xF9A0,
	0xF9A1,
	0xF9A2,
	0xF9A3,
	0xF9A4,
	0xF9A5,
	0xF9A6,
	0xF9A7,
	0xF9A8,
	0xF9A9,
	0xF9AA,
	0xF9AB,
	0xF9AC,
	0xF9AD,
	0xF9AE,
	0xF9AF,
	0xF9B0,
	0xF9B1,
	0xF9B2,
	0xF9B3,
	0xF9B4,
	0xF9B5,
	0xF9B6,
	0xF9B7,
	0xF9B8,
	0xF9B9,
	0xF9BA,
	0xF9BB,
	0xF9BC,
	0xF9BD,
	0xF9BE,
	0xF9BF,
	0xF9C0,
	0xF9C1,
	0xF9C2,
	0xF9C3,
	0xF9C4,
	0xF9C5,
	0xF9C6,
	0xF9C7,
	0xF9C8,
	0xF9C9,
	0xF9CA,
	0xF9CB,
	0xF9CC,
	0xF9CD,
	0xF9CE,
	0xF9CF,
	0xF9D0,
	0xF9D1,
	0xF9D2,
	0xF9D3,
	0xF9D4,
	0xF9D5,
	0xF9D6,
	0xF9D7,
	0xF9D8,
	0xF9D9,
	0xF9DA,
	0xF9DB,
	0xF9DC,
	0xF9DD,
	0xF9DE,
	0xF9DF,
	0xF9E0,
	0xF9E1,
	0xF9E2,
	0xF9E3,
	0xF9E4,
	0xF9E5,
	0xF9E6,
	0xF9E7,
	0xF9E8,
	0xF9E9,
	0xF9EA,
	0xF9EB,
	0xF9EC,
	0xF9ED,
	0xF9EE,
	0xF9EF,
	0xF9F0,
	0xF9F1,
	0xF9F2,
	0xF9F3,
	0xF9F4,
	0xF9F5,
	0xF9F6,
	0xF9F7,
	0xF9F8,
	0xF9F9,
	0xF9FA,
	0xF9FB,
	0xF9FC,
	0xF9FD,
	0xF9FE,
	0xF9FF,
	0xFA00,
	0xFA01,
	0xFA02,
	0xFA03,
	0xFA04,
	0xFA05,
	0xFA06,
	0xFA07,
	0xFA08,
	0xFA09,
	0xFA0A,
	0xFA0B,
	0xFA0C,
	0xFA0D,
	0xFA10,
	0xFA12,
	0xFA15,
	0xFA16,
	0xFA17,
	0xFA18,
	0xFA19,
	0xFA1A,
	0xFA1B,
	0xFA1C,
	0xFA1D,
	0xFA1E,
	0xFA20,
	0xFA22,
	0xFA25,
	0xFA26,
	0xFA2A,
	0xFA2B,
	0xFA2C,
	0xFA2D,
	0xFA2E,
	0xFA2F,
	0xFA30,
	0xFA31,
	0xFA32,
	0xFA33,
	0xFA34,
	0xFA35,
	0xFA36,
	0xFA37,
	0xFA38,
	0xFA39,
	0xFA3A,
	0xFA3B,
	0xFA3C,
	0xFA3D,
	0xFA3E,
	0xFA3F,
	0xFA40,
	0xFA41,
	0xFA42,
	0xFA43,
	0xFA44,
	0xFA45,
	0xFA46,
	0xFA47,
	0xFA48,
	0xFA49,
	0xFA4A,
	0xFA4B,
	0xFA4C,
	0xFA4D,
	0xFA4E,
	0xFA4F,
	0xFA50,
	0xFA51,
	0xFA52,
	0xFA53,
	0xFA54,
	0xFA55,
	0xFA56,
	0xFA57,
	0xFA58,
	0xFA59,
	0xFA5A,
	0xFA5B,
	0xFA5C,
	0xFA5D,
	0xFA5E,
	0xFA5F,
	0xFA60,
	0xFA61,
	0xFA62,
	0xFA63,
	0xFA64,
	0xFA65,
	0xFA66,
	0xFA67,
	0xFA68,
	0xFA69,
	0xFA6A,
	0xFA6B,
	0xFA6C,
	0xFA6D,
	0xFA70,
	0xFA71,
	0xFA72,
	0xFA73,
	0xFA74,
	0xFA75,
	0xFA76,
	0xFA77,
	0xFA78,
	0xFA79,
	0xFA7A,
	0xFA7B,
	0xFA7C,
	0xFA7D,
	0xFA7E,
	0xFA7F,
	0xFA80,
	0xFA81,
	0xFA82,
	0xFA83,
	0xFA84,
	0xFA85,
	0xFA86,
	0xFA87,
	0xFA88,
	0xFA89,
	0xFA8A,
	0xFA8B,
	0xFA8C,
	0xFA8D,
	0xFA8E,
	0xFA8F,
	0xFA90,
	0xFA91,
	0xFA92,
	0xFA93,
	0xFA94,
	0xFA95,
	0xFA96,
	0xFA97,
	0xFA98,
	0xFA99,
	0xFA9A,
	0xFA9B,
	0xFA9C,
	0xFA9D,
	0xFA9E,
	0xFA9F,
	0xFAA0,
	0xFAA1,
	0xFAA2,
	0xFAA3,
	0xFAA4,
	0xFAA5,
	0xFAA6,
	0xFAA7,
	0xFAA8,
	0xFAA9,
	0xFAAA,
	0xFAAB,
	0xFAAC,
	0xFAAD,
	0xFAAE,
	0xFAAF,
	0xFAB0,
	0xFAB1,
	0xFAB2,
	0xFAB3,
	0xFAB4,
	0xFAB5,
	0xFAB6,
	0xFAB7,
	0xFAB8,
	0xFAB9,
	0xFABA,
	0xFABB,
	0xFABC,
	0xFABD,
	0xFABE,
	0xFABF,
	0xFAC0,
	0xFAC1,
	0xFAC2,
	0xFAC3,
	0xFAC4,
	0xFAC5,
	0xFAC6,
	0xFAC7,
	0xFAC8,
	0xFAC9,
	0xFACA,
	0xFACB,
	0xFACC,
	0xFACD,
	0xFACE,
	0xFACF,
	0xFAD0,
	0xFAD1,
	0xFAD2,
	0xFAD3,
	0xFAD4,
	0xFAD5,
	0xFAD6,
	0xFAD7,
	0xFAD8,
	0xFAD9,
	0xFB1D,
	0xFB1F,
	0xFB2A,
	0xFB2B,
	0xFB2C,
	0xFB2D,
	0xFB2E,
	0xFB2F,
	0xFB30,
	0xFB31,
	0xFB32,
	0xFB33,
	0xFB34,
	0xFB35,
	0xFB36,
	0xFB38,
	0xFB39,
	0xFB3A,
	0xFB3B,
	0xFB3C,
	0xFB3E,
	0xFB40,
	0xFB41,
	0xFB43,
	0xFB44,
	0xFB46,
	0xFB47,
	0xFB48,
	0xFB49,
	0xFB4A,
	0xFB4B,
	0xFB4C,
	0xFB4D,
	0xFB4E,
	0x1109A,
	0x1109C,
	0x110AB,
	0x1112E,
	0x1112F,
	0x1134B,
	0x1134C,
	0x114BB,
	0x114BC,
	0x114BE,
	0x115BA,
	0x115BB,
	0x11938,
	0x1D15E,
	0x1D15F,
	0x1D160,
	0x1D161,
	0x1D162,
	0x1D163,
	0x1D164,
	0x1D1BB,
	0x1D1BC,
	0x1D1BD,
	0x1D1BE,
	0x1D1BF,
	0x1D1C0,
	0x2F800,
	0x2F801,
	0x2F802,
	0x2F803,
	0x2F804,
	0x2F805,
	0x2F806,
	0x2F807,
	0x2F808,
	0x2F809,
	0x2F80A,
	0x2F80B,
	0x2F80C,
	0x2F80D,
	0x2F80E,
	0x2F80F,
	0x2F810,
	0x2F811,
	0x2F812,
	0x2F813,
	0x2F814,
	0x2F815,
	0x2F816,
	0x2F817,
	0x2F818,
	0x2F819,
	0x2F81A,
	0x2F81B,
	0x2F81C,
	0x2F81D,
	0x2F81E,
	0x2F81F,
	0x2F820,
	0x2F821,
	0x2F822,
	0x2F823,
	0x2F824,
	0x2F825,
	0x2F826,
	0x2F827,
	0x2F828,
	0x2F829,
	0x2F82A,
	0x2F82B,
	0x2F82C,
	0x2F82D,
	0x2F82E,
	0x2F82F,
	0x2F830,
	0x2F831,
	0x2F832,
	0x2F833,
	0x2F834,
	0x2F835,
	0x2F836,
	0x2F837,
	0x2F838,
	0x2F839,
	0x2F83A,
	0x2F83B,
	0x2F83C,
	0x2F83D,
	0x2F83E,
	0x2F83F,
	0x2F840,
	0x2F841,
	0x2F842,
	0x2F843,
	0x2F844,
	0x2F845,
	0x2F846,
	0x2F847,
	0x2F848,
	0x2F849,
	0x2F84A,
	0x2F84B,
	0x2F84C,
	0x2F84D,
	0x2F84E,
	0x2F84F,
	0x2F850,
	0x2F851,
	0x2F852,
	0x2F853,
	0x2F854,
	0x2F855,
	0x2F856,
	0x2F857,
	0x2F858,
	0x2F859,
	0x2F85A,
	0x2F85B,
	0x2F85C,
	0x2F85D,
	0x2F85E,
	0x2F85F,
	0x2F860,
	0x2F861,
	0x2F862,
	0x2F863,
	0x2F864,
	0x2F865,
	0x2F866,
	0x2F867,
	0x2F868,
	0x2F869,
	0x2F86A,
	0x2F86B,
	0x2F86C,
	0x2F86D,
	0x2F86E,
	0x2F86F,
	0x2F870,
	0x2F871,
	0x2F872,
	0x2F873,
	0x2F874,
	0x2F875,
	0x2F876,
	0x2F877,
	0x2F878,
	0x2F879,
	0x2F87A,
	0x2F87B,
	0x2F87C,
	0x2F87D,
	0x2F87E,
	0x2F87F,
	0x2F880,
	0x2F881,
	0x2F882,
	0x2F883,
	0x2F884,
	0x2F885,
	0x2F886,
	0x2F887,
	0x2F888,
	0x2F889,
	0x2F88A,
	0x2F88B,
	0x2F88C,
	0x2F88D,
	0x2F88E,
	0x2F88F,
	0x2F890,
	0x2F891,
	0x2F892,
	0x2F893,
	0x2F894,
	0x2F895,
	0x2F896,
	0x2F897,
	0x2F898,
	0x2F899,
	0x2F89A,
	0x2F89B,
	0x2F89C,
	0x2F89D,
	0x2F89E,
	0x2F89F,
	0x2F8A0,
	0x2F8A1,
	0x2F8A2,
	0x2F8A3,
	0x2F8A4,
	0x2F8A5,
	0x2F8A6,
	0x2F8A7,
	0x2F8A8,
	0x2F8A9,
	0x2F8AA,
	0x2F8AB,
	0x2F8AC,
	0x2F8AD,
	0x2F8AE,
	0x2F8AF,
	0x2F8B0,
	0x2F8B1,
	0x2F8B2,
	0x2F8B3,
	0x2F8B4,
	0x2F8B5,
	0x2F8B6,
	0x2F8B7,
	0x2F8B8,
	0x2F8B9,
	0x2F8BA,
	0x2F8BB,
	0x2F8BC,
	0x2F8BD,
	0x2F8BE,
	0x2F8BF,
	0x2F8C0,
	0x2F8C1,
	0x2F8C2,
	0x2F8C3,
	0x2F8C4,
	0x2F8C5,
	0x2F8C6,
	0x2F8C7,
	0x2F8C8,
	0x2F8C9,
	0x2F8CA,
	0x2F8CB,
	0x2F8CC,
	0x2F8CD,
	0x2F8CE,
	0x2F8CF,
	0x2F8D0,
	0x2F8D1,
	0x2F8D2,
	0x2F8D3,
	0x2F8D4,
	0x2F8D5,
	0x2F8D6,
	0x2F8D7,
	0x2F8D8,
	0x2F8D9,
	0x2F8DA,
	0x2F8DB,
	0x2F8DC,
	0x2F8DD,
	0x2F8DE,
	0x2F8DF,
	0x2F8E0,
	0x2F8E1,
	0x2F8E2,
	0x2F8E3,
	0x2F8E4,
	0x2F8E5,
	0x2F8E6,
	0x2F8E7,
	0x2F8E8,
	0x2F8E9,
	0x2F8EA,
	0x2F8EB,
	0x2F8EC,
	0x2F8ED,
	0x2F8EE,
	0x2F8EF,
	0x2F8F0,
	0x2F8F1,
	0x2F8F2,
	0x2F8F3,
	0x2F8F4,
	0x2F8F5,
	0x2F8F6,
	0x2F8F7,
	0x2F8F8,
	0x2F8F9,
	0x2F8FA,
	0x2F8FB,
	0x2F8FC,
	0x2F8FD,
	0x2F8FE,
	0x2F8FF,
	0x2F900,
	0x2F901,
	0x2F902,
	0x2F903,
	0x2F904,
	0x2F905,
	0x2F906,
	0x2F907,
	0x2F908,
	0x2F909,
	0x2F90A,
	0x2F90B,
	0x2F90C,
	0x2F90D,
	0x2F90E,
	0x2F90F,
	0x2F910,
	0x2F911,
	0x2F912,
	0x2F913,
	0x2F914,
	0x2F915,
	0x2F916,
	0x2F917,
	0x2F918,
	0x2F919,
	0x2F91A,
	0x2F91B,
	0x2F91C,
	0x2F91D,
	0x2F91E,
	0x2F91F,
	0x2F920,
	0x2F921,
	0x2F922,
	0x2F923,
	0x2F924,
	0x2F925,
	0x2F926,
	0x2F927,
	0x2F928,
	0x2F929,
	0x2F92A,
	0x2F92B,
	0x2F92C,
	0x2F92D,
	0x2F92E,
	0x2F92F,
	0x2F930,
	0x2F931,
	0x2F932,
	0x2F933,
	0x2F934,
	0x2F935,
	0x2F936,
	0x2F937,
	0x2F938,
	0x2F939,
	0x2F93A,
	0x2F93B,
	0x2F93C,
	0x2F93D,
	0x2F93E,
	0x2F93F,
	0x2F940,
	0x2F941,
	0x2F942,
	0x2F943,
	0x2F944,
	0x2F945,
	0x2F946,
	0x2F947,
	0x2F948,
	0x2F949,
	0x2F94A,
	0x2F94B,
	0x2F94C,
	0x2F94D,
	0x2F94E,
	0x2F94F,
	0x2F950,
	0x2F951,
	0x2F952,
	0x2F953,
	0x2F954,
	0x2F955,
	0x2F956,
	0x2F957,
	0x2F958,
	0x2F959,
	0x2F95A,
	0x2F95B,
	0x2F95C,
	0x2F95D,
	0x2F95E,
	0x2F95F,
	0x2F960,
	0x2F961,
	0x2F962,
	0x2F963,
	0x2F964,
	0x2F965,
	0x2F966,
	0x2F967,
	0x2F968,
	0x2F969,
	0x2F96A,
	0x2F96B,
	0x2F96C,
	0x2F96D,
	0x2F96E,
	0x2F96F,
	0x2F970,
	0x2F971,
	0x2F972,
	0x2F973,
	0x2F974,
	0x2F975,
	0x2F976,
	0x2F977,
	0x2F978,
	0x2F979,
	0x2F97A,
	0x2F97B,
	0x2F97C,
	0x2F97D,
	0x2F97E,
	0x2F97F,
	0x2F980,
	0x2F981,
	0x2F982,
	0x2F983,
	0x2F984,
	0x2F985,
	0x2F986,
	0x2F987,
	0x2F988,
	0x2F989,
	0x2F98A,
	0x2F98B,
	0x2F98C,
	0x2F98D,
	0x2F98E,
	0x2F98F,
	0x2F990,
	0x2F991,
	0x2F992,
	0x2F993,
	0x2F994,
	0x2F995,
	0x2F996,
	0x2F997,
	0x2F998,
	0x2F999,
	0x2F99A,
	0x2F99B,
	0x2F99C,
	0x2F99D,
	0x2F99E,
	0x2F99F,
	0x2F9A0,
	0x2F9A1,
	0x2F9A2,
	0x2F9A3,
	0x2F9A4,
	0x2F9A5,
	0x2F9A6,
	0x2F9A7,
	0x2F9A8,
	0x2F9A9,
	0x2F9AA,
	0x2F9AB,
	0x2F9AC,
	0x2F9AD,
	0x2F9AE,
	0x2F9AF,
	0x2F9B0,
	0x2F9B1,
	0x2F9B2,
	0x2F9B3,
	0x2F9B4,
	0x2F9B5,
	0x2F9B6,
	0x2F9B7,
	0x2F9B8,
	0x2F9B9,
	0x2F9BA,
	0x2F9BB,
	0x2F9BC,
	0x2F9BD,
	0x2F9BE,
	0x2F9BF,
	0x2F9C0,
	0x2F9C1,
	0x2F9C2,
	0x2F9C3,
	0x2F9C4,
	0x2F9C5,
	0x2F9C6,
	0x2F9C7,
	0x2F9C8,
	0x2F9C9,
	0x2F9CA,
	0x2F9CB,
	0x2F9CC,
	0x2F9CD,
	0x2F9CE,
	0x2F9CF,
	0x2F9D0,
	0x2F9D1,
	0x2F9D2,
	0x2F9D3,
	0x2F9D4,
	0x2F9D5,
	0x2F9D6,
	0x2F9D7,
	0x2F9D8,
	0x2F9D9,
	0x2F9DA,
	0x2F9DB,
	0x2F9DC,
	0x2F9DD,
	0x2F9DE,
	0x2F9DF,
	0x2F9E0,
	0x2F9E1,
	0x2F9E2,
	0x2F9E3,
	0x2F9E4,
	0x2F9E5,
	0x2F9E6,
	0x2F9E7,
	0x2F9E8,
	0x2F9E9,
	0x2F9EA,
	0x2F9EB,
	0x2F9EC,
	0x2F9ED,
	0x2F9EE,
	0x2F9EF,
	0x2F9F0,
	0x2F9F1,
	0x2F9F2,
	0x2F9F3,
	0x2F9F4,
	0x2F9F5,
	0x2F9F6,
	0x2F9F7,
	0x2F9F8,
	0x2F9F9,
	0x2F9FA,
	0x2F9FB,
	0x2F9FC,
	0x2F9FD,
	0x2F9FE,
	0x2F9FF,
	0x2FA00,
	0x2FA01,
	0x2FA02,
	0x2FA03,
	0x2FA04,
	0x2FA05,
	0x2FA06,
	0x2FA07,
	0x2FA08,
	0x2FA09,
	0x2FA0A,
	0x2FA0B,
	0x2FA0C,
	0x2FA0D,
	0x2FA0E,
	0x2FA0F,
	0x2FA10,
	0x2FA11,
	0x2FA12,
	0x2FA13,
	0x2FA14,
	0x2FA15,
	0x2FA16,
	0x2FA17,
	0x2FA18,
	0x2FA19,
	0x2FA1A,
	0x2FA1B,
	0x2FA1C,
	0x2FA1D,
}

var decompositionOffsets = [...]uint32{
	0,
	3,
	6,
	9,
	12,
	15,
	18,
	21,
	24,
	27,
	30,
	33,
	36,
	39,
	42,
	45,
	48,
	51,
	54,
	57,
	60,
	63,
	66,
	69,
	72,
	75,
	78,
	81,
	84,
	87,
	90,
	93,
	96,
	99,
	102,
	105,
	108,
	111,
	114,
	117,
	120,
	123,
	126,
	129,
	132,
	135,
	138,
	141,
	144,
	147,
	150,
	153,
	156,
	159,
	162,
	165,
	168,
	171,
	174,
	177,
	180,
	183,
	186,
	189,
	192,
	195,
	198,
	201,
	204,
	207,
	210,
	213,
	216,
	219,
	222,
	225,
	228,
	231,
	234,
	237,
	240,
	243,
	246,
	249,
	252,
	255,
	258,
	261,
	264,
	267,
	270,
	273,
	276,
	279,
	282,
	285,
	288,
	291,
	294,
	297,
	300,
	303,
	306,
	309,
	312,
	315,
	318,
	321,
	324,
	327,
	330,
	333,
	336,
	339,
	342,
	345,
	348,
	351,
	354,
	357,
	360,
	363,
	366,
	369,
	372,
	375,
	378,
	381,
	384,
	387,
	390,
	393,
	396,
	399,
	402,
	405,
	408,
	411,
	414,
	417,
	420,
	423,
	426,
	429,
	432,
	435,
	438,
	441,
	444,
	447,
	450,
	453,
	456,
	459,
	462,
	465,
	468,
	471,
	474,
	477,
	480,
	483,
	486,
	489,
	492,
	495,
	498,
	501,
	504,
	507,
	510,
	513,
	516,
	519,
	524,
	529,
	534,
	539,
	544,
	549,
	554,
	559,
	564,
	569,
	574,
	579,
	583,
	587,
	590,
	593,
	596,
	599,
	602,
	605,
	610,
	615,
	619,
	623,
	626,
	629,
	632,
	635,
	638,
	643,
	648,
	652,
	656,
	660,
	664,
	667,
	670,
	673,
	676,
	679,
	682,
	685,
	688,
	691,
	694,
	697,
	700,
	703,
	706,
	709,
	712,
	715,
	718,
	721,
	724,
	727,
	730,
	733,
	736,
	739,
	742,
	745,
	748,
	751,
	754,
	757,
	760,
	763,
	766,
	771,
	776,
	781,
	786,
	789,
	792,
	797,
	802,
	805,
	808,
	810,
	812,
	814,
	818,
	820,
	821,
	825,
	829,
	831,
	835,
	839,
	843,
	847,
	851,
	855,
	861,
	865,
	869,
	873,
	877,
	881,
	885,
	891,
	895,
	899,
	903,
	907,
	911,
	915,
	919,
	923,
	927,
	931,
	935,
	939,
	943,
	947,
	951,
	955,
	959,
	963,
	967,
	971,
	975,
	979,
	983,
	987,
	991,
	995,
	999,
	1003,
	1007,
	1011,
	1015,
	1019,
	1023,
	1027,
	1031,
	1035,
	1039,
	1043,
	1047,
	1051,
	1055,
	1059,
	1063,
	1067,
	1071,
	1075,
	1079,
	1083,
	1087,
	1091,
	1095,
	1099,
	1103,
	1107,
	1111,
	1115,
	1119,
	1123,
	1127,
	1131,
	1135,
	1139,
	1143,
	1147,
	1151,
	1155,
	1159,
	1165,
	1171,
	1177,
	1183,
	1189,
	1195,
	1201,
	1207,
	1213,
	1219,
	1225,
	1231,
	1237,
	1243,
	1249,
	1255,
	1261,
	1267,
	1273,
	1279,
	1285,
	1291,
	1297,
	1303,
	1309,
	1315,
	1321,
	1327,
	1333,
	1339,
	1345,
	1351,
	1357,
	1363,
	1369,
	1375,
	1384,
	1390,
	1396,
	1402,
	1408,
	1414,
	1423,
	1429,
	1435,
	1441,
	1447,
	1453,
	1459,
	1465,
	1471,
	1477,
	1483,
	1489,
	1495,
	1501,
	1507,
	1513,
	1519,
	1525,
	1531,
	1537,
	1543,
	1549,
	1555,
	1561,
	1567,
	1573,
	1579,
	1585,
	1591,
	1597,
	1603,
	1606,
	1609,
	1612,
	1615,
	1618,
	1621,
	1624,
	1627,
	1632,
	1637,
	1640,
	1643,
	1646,
	1649,
	1652,
	1655,
	1658,
	1661,
	1664,
	1667,
	1672,
	1677,
	1682,
	1687,
	1690,
	1693,
	1696,
	1699,
	1704,
	1709,
	1712,
	1715,
	1718,
	1721,
	1724,
	1727,
	1730,
	1733,
	1736,
	1739,
	1742,
	1745,
	1748,
	1751,
	1754,
	1757,
	1762,
	1767,
	1770,
	1773,
	1776,
	1779,
	1782,
	1785,
	1788,
	1791,
	1796,
	1801,
	1804,
	1807,
	1810,
	1813,
	1816,
	1819,
	1822,
	1825,
	1828,
	1831,
	1834,
	1837,
	1840,
	1843,
	1846,
	1849,
	1852,
	1855,
	1860,
	1865,
	1870,
	1875,
	1880,
	1885,
	1890,
	1895,
	1898,
	1901,
	1904,
	1907,
	1910,
	1913,
	1916,
	1919,
	1924,
	1929,
	1932,
	1935,
	1938,
	1941,
	1944,
	1947,
	1952,
	1957,
	1962,
	1967,
	1972,
	1977,
	1980,
	1983,
	1986,
	1989,
	1992,
	1995,
	1998,
	2001,
	2004,
	2007,
	2010,
	2013,
	2016,
	2019,
	2024,
	2029,
	2034,
	2039,
	2042,
	2045,
	2048,
	2051,
	2054,
	2057,
	2060,
	2063,
	2066,
	2069,
	2072,
	2075,
	2078,
	2081,
	2084,
	2087,
	2090,
	2093,
	2096,
	2099,
	2102,
	2105,
	2108,
	2111,
	2114,
	2117,
	2120,
	2123,
	2126,
	2129,
	2133,
	2136,
	2139,
	2142,
	2145,
	2150,
	2155,
	2160,
	2165,
	2170,
	2175,
	2180,
	2185,
	2190,
	2195,
	2200,
	2205,
	2210,
	2215,
	2220,
	2225,
	2230,
	2235,
	2240,
	2245,
	2248,
	2251,
	2254,
	2257,
	2260,
	2263,
	2268,
	2273,
	2278,
	2283,
	2288,
	2293,
	2298,
	2303,
	2308,
	2313,
	2316,
	2319,
	2322,
	2325,
	2328,
	2331,
	2334,
	2337,
	2342,
	2347,
	2352,
	2357,
	2362,
	2367,
	2372,
	2377,
	2382,
	2387,
	2392,
	2397,
	2402,
	2407,
	2412,
	2417,
	2422,
	2427,
	2432,
	2437,
	2440,
	2443,
	2446,
	2449,
	2454,
	2459,
	2464,
	2469,
	2474,
	2479,
	2484,
	2489,
	2494,
	2499,
	2502,
	2505,
	2508,
	2511,
	2514,
	2517,
	2520,
	2523,
	2527,
	2531,
	2537,
	2543,
	2549,
	2555,
	2561,
	2567,
	2571,
	2575,
	2581,
	2587,
	2593,
	2599,
	2605,
	2611,
	2615,
	2619,
	2625,
	2631,
	2637,
	2643,
	2647,
	2651,
	2657,
	2663,
	2669,
	2675,
	2679,
	2683,
	2689,
	2695,
	2701,
	2707,
	2713,
	2719,
	2723,
	2727,
	2733,
	2739,
	2745,
	2751,
	2757,
	2763,
	2767,
	2771,
	2777,
	2783,
	2789,
	2795,
	2801,
	2807,
	2811,
	2815,
	2821,
	2827,
	2833,
	2839,
	2845,
	2851,
	2855,
	2859,
	2865,
	2871,
	2877,
	2883,
	2887,
	2891,
	2897,
	2903,
	2909,
	2915,
	2919,
	2923,
	2929,
	2935,
	2941,
	2947,
	2953,
	2959,
	2963,
	2969,
	2975,
	2981,
	2985,
	2989,
	2995,
	3001,
	3007,
	3013,
	3019,
	3025,
	3029,
	3033,
	3039,
	3045,
	3051,
	3057,
	3063,
	3069,
	3073,
	3077,
	3081,
	3085,
	3089,
	3093,
	3097,
	3101,
	3105,
	3109,
	3113,
	3117,
	3121,
	3125,
	3131,
	3137,
	3145,
	3153,
	3161,
	3169,
	3177,
	3185,
	3191,
	3197,
	3205,
	3213,
	3221,
	3229,
	3237,
	3245,
	3251,
	3257,
	3265,
	3273,
	3281,
	3289,
	3297,
	3305,
	3311,
	3317,
	3325,
	3333,
	3341,
	3349,
	3357,
	3365,
	3371,
	3377,
	3385,
	3393,
	3401,
	3409,
	3417,
	3425,
	3431,
	3437,
	3445,
	3453,
	3461,
	3469,
	3477,
	3485,
	3489,
	3493,
	3499,
	3503,
	3509,
	3513,
	3519,
	3523,
	3527,
	3531,
	3535,
	3539,
	3541,
	3545,
	3551,
	3555,
	3561,
	3565,
	3571,
	3575,
	3579,
	3583,
	3587,
	3591,
	3596,
	3601,
	3606,
	3610,
	3614,
	3620,
	3626,
	3630,
	3636,
	3640,
	3644,
	3648,
	3652,
	3657,
	3662,
	3667,
	3671,
	3675,
	3681,
	3687,
	3691,
	3695,
	3699,
	3705,
	3709,
	3713,
	3717,
	3721,
	3725,
	3729,
	3733,
	3734,
	3740,
	3744,
	3750,
	3754,
	3760,
	3764,
	3768,
	3772,
	3776,
	3780,
	3782,
	3785,
	3788,
	3790,
	3791,
	3794,
	3799,
	3804,
	3809,
	3814,
	3819,
	3824,
	3829,
	3834,
	3839,
	3844,
	3849,
	3854,
	3859,
	3864,
	3869,
	3872,
	3877,
	3882,
	3885,
	3888,
	3893,
	3898,
	3903,
	3908,
	3913,
	3918,
	3923,
	3928,
	3933,
	3938,
	3943,
	3948,
	3953,
	3958,
	3963,
	3968,
	3973,
	3978,
	3983,
	3988,
	3993,
	3998,
	4003,
	4008,
	4011,
	4014,
	4019,
	4025,
	4031,
	4037,
	4043,
	4049,
	4055,
	4061,
	4067,
	4073,
	4079,
	4085,
	4091,
	4097,
	4103,
	4109,
	4115,
	4121,
	4127,
	4133,
	4139,
	4145,
	4151,
	4157,
	4163,
	4169,
	4175,
	4181,
	4187,
	4193,
	4199,
	4205,
	4211,
	4217,
	4223,
	4229,
	4235,
	4241,
	4247,
	4253,
	4259,
	4265,
	4271,
	4277,
	4283,
	4289,
	4295,
	4301,
	4307,
	4313,
	4319,
	4325,
	4331,
	4337,
	4343,
	4349,
	4355,
	4361,
	4367,
	4370,
	4373,
	4376,
	4379,
	4382,
	4385,
	4388,
	4391,
	4394,
	4397,
	4400,
	4403,
	4406,
	4409,
	4412,
	4415,
	4418,
	4421,
	4424,
	4427,
	4430,
	4433,
	4436,
	4439,
	4442,
	4445,
	4448,
	4451,
	4454,
	4457,
	4460,
	4463,
	4466,
	4469,
	4472,
	4475,
	4478,
	4481,
	4484,
	4487,
	4490,
	4493,
	4496,
	4499,
	4502,
	4505,
	4508,
	4511,
	4514,
	4517,
	4520,
	4523,
	4526,
	4529,
	4532,
	4535,
	4538,
	4541,
	4544,
	4547,
	4550,
	4553,
	4556,
	4559,
	4562,
	4565,
	4568,
	4571,
	4574,
	4577,
	4580,
	4583,
	4586,
	4589,
	4592,
	4595,
	4598,
	4601,
	4604,
	4607,
	4610,
	4613,
	4616,
	4619,
	4622,
	4625,
	4628,
	4631,
	4634,
	4637,
	4640,
	4643,
	4646,
	4649,
	4652,
	4655,
	4658,
	4661,
	4664,
	4667,
	4670,
	4673,
	4676,
	4679,
	4682,
	4685,
	4688,
	4691,
	4694,
	4697,
	4700,
	4703,
	4706,
	4709,
	4712,
	4715,
	4718,
	4721,
	4724,
	4727,
	4730,
	4733,
	4736,
	4739,
	4742,
	4745,
	4748,
	4751,
	4754,
	4757,
	4760,
	4763,
	4766,
	4769,
	4772,
	4775,
	4778,
	4781,
	4784,
	4787,
	4790,
	4793,
	4796,
	4799,
	4802,
	4805,
	4808,
	4811,
	4814,
	4817,
	4820,
	4823,
	4826,
	4829,
	4832,
	4835,
	4838,
	4841,
	4844,
	4847,
	4850,
	4853,
	4856,
	4859,
	4862,
	4865,
	4868,
	4871,
	4874,
	4877,
	4880,
	4883,
	4886,
	4889,
	4892,
	4895,
	4898,
	4901,
	4904,
	4907,
	4910,
	4913,
	4916,
	4919,
	4922,
	4925,
	4928,
	4931,
	4934,
	4937,
	4940,
	4943,
	4946,
	4949,
	4952,
	4955,
	4958,
	4961,
	4964,
	4967,
	4970,
	4973,
	4976,
	4979,
	4982,
	4985,
	4988,
	4991,
	4994,
	4997,
	5000,
	5003,
	5006,
	5009,
	5012,
	5015,
	5018,
	5021,
	5024,
	5027,
	5030,
	5033,
	5036,
	5039,
	5042,
	5045,
	5048,
	5051,
	5054,
	5057,
	5060,
	5063,
	5066,
	5069,
	5072,
	5075,
	5078,
	5081,
	5084,
	5087,
	5090,
	5093,
	5096,
	5099,
	5102,
	5105,
	5108,
	5111,
	5114,
	5117,
	5120,
	5123,
	5126,
	5129,
	5132,
	5135,
	5138,
	5141,
	5144,
	5147,
	5150,
	5153,
	5156,
	5159,
	5162,
	5165,
	5168,
	5171,
	5174,
	5177,
	5180,
	5183,
	5186,
	5189,
	5192,
	5195,
	5198,
	5201,
	5204,
	5207,
	5210,
	5213,
	5216,
	5219,
	5222,
	5225,
	5228,
	5231,
	5234,
	5237,
	5240,
	5243,
	5246,
	5249,
	5252,
	5255,
	5258,
	5261,
	5264,
	5267,
	5270,
	5273,
	5276,
	5279,
	5282,
	5285,
	5288,
	5291,
	5294,
	5297,
	5300,
	5303,
	5306,
	5309,
	5312,
	5315,
	5318,
	5321,
	5324,
	5327,
	5330,
	5333,
	5336,
	5339,
	5342,
	5345,
	5348,
	5351,
	5354,
	5357,
	5360,
	5363,
	5366,
	5369,
	5372,
	5375,
	5378,
	5381,
	5384,
	5387,
	5390,
	5393,
	5396,
	5399,
	5402,
	5405,
	5408,
	5411,
	5414,
	5417,
	5420,
	5423,
	5427,
	5430,
	5433,
	5436,
	5439,
	5442,
	5445,
	5448,
	5451,
	5454,
	5457,
	5460,
	5463,
	5466,
	5469,
	5472,
	5475,
	5478,
	5481,
	5484,
	5487,
	5490,
	5493,
	5496,
	5499,
	5502,
	5505,
	5508,
	5511,
	5514,
	5517,
	5520,
	5523,
	5526,
	5529,
	5532,
	5535,
	5538,
	5541,
	5544,
	5547,
	5550,
	5553,
	5556,
	5559,
	5562,
	5565,
	5568,
	5571,
	5574,
	5577,
	5580,
	5583,
	5586,
	5589,
	5592,
	5595,
	5598,
	5601,
	5604,
	5607,
	5610,
	5613,
	5616,
	5619,
	5622,
	5625,
	5628,
	5631,
	5634,
	5637,
	5640,
	5643,
	5646,
	5649,
	5652,
	5655,
	5658,
	5661,
	5664,
	5667,
	5670,
	5673,
	5676,
	5679,
	5682,
	5685,
	5688,
	5691,
	5694,
	5697,
	5700,
	5703,
	5706,
	5709,
	5712,
	5715,
	5719,
	5723,
	5727,
	5730,
	5733,
	5736,
	5740,
	5744,
	5748,
	5751,
	5754,
	5758,
	5762,
	5766,
	5770,
	5776,
	5782,
	5786,
	5790,
	5794,
	5798,
	5802,
	5806,
	5810,
	5814,
	5818,
	5822,
	5826,
	5830,
	5834,
	5838,
	5842,
	5846,
	5850,
	5854,
	5858,
	5862,
	5866,
	5870,
	5874,
	5878,
	5882,
	5886,
	5890,
	5894,
	5902,
	5910,
	5918,
	5926,
	5934,
	5942,
	5950,
	5958,
	5966,
	5974,
	5982,
	5990,
	5998,
	6006,
	6014,
	6026,
	6038,
	6050,
	6062,
	6074,
	6082,
	6090,
	6102,
	6114,
	6126,
	6138,
	6141,
	6144,
	6147,
	6151,
	6154,
	6157,
	6160,
	6163,
	6166,
	6169,
	6172,
	6175,
	6178,
	6182,
	6185,
	6188,
	6191,
	6194,
	6198,
	6201,
	6204,
	6207,
	6211,
	6214,
	6217,
	6220,
	6223,
	6226,
	6230,
	6233,
	6236,
	6239,
	6242,
	6245,
	6248,
	6251,
	6254,
	6257,
	6260,
	6263,
	6266,
	6269,
	6272,
	6275,
	6278,
	6281,
	6284,
	6287,
	6290,
	6293,
	6296,
	6299,
	6303,
	6306,
	6309,
	6312,
	6316,
	6319,
	6322,
	6325,
	6328,
	6331,
	6334,
	6337,
	6340,
	6343,
	6346,
	6349,
	6352,
	6355,
	6358,
	6361,
	6364,
	6367,
	6370,
	6373,
	6376,
	6379,
	6382,
	6385,
	6388,
	6391,
	6394,
	6397,
	6400,
	6403,
	6406,
	6409,
	6412,
	6416,
	6419,
	6422,
	6425,
	6428,
	6431,
	6434,
	6438,
	6442,
	6445,
	6448,
	6451,
	6454,
	6457,
	6460,
	6463,
	6466,
	6469,
	6472,
	6476,
	6479,
	6482,
	6485,
	6488,
	6492,
	6495,
	6498,
	6501,
	6504,
	6507,
	6510,
	6513,
	6516,
	6519,
	6523,
	6526,
	6530,
	6533,
	6536,
	6539,
	6542,
	6545,
	6548,
	6551,
	6554,
	6557,
	6560,
	6563,
	6567,
	6570,
	6573,
	6576,
	6579,
	6582,
	6586,
	6589,
	6593,
	6597,
	6600,
	6603,
	6606,
	6609,
	6613,
	6617,
	6620,
	6623,
	6626,
	6629,
	6632,
	6635,
	6638,
	6641,
	6644,
	6647,
	6650,
	6654,
	6657,
	6660,
	6663,
	6666,
	6669,
	6672,
	6675,
	6678,
	6681,
	6684,
	6687,
	6690,
	6693,
	6696,
	6699,
	6702,
	6705,
	6708,
	6711,
	6715,
	6718,
	6721,
	6724,
	6727,
	6730,
	6734,
	6737,
	6740,
	6743,
	6746,
	6749,
	6752,
	6755,
	6758,
	6761,
	6764,
	6767,
	6771,
	6774,
	6777,
	6780,
	6783,
	6786,
	6789,
	6792,
	6795,
	6798,
	6801,
	6804,
	6807,
	6810,
	6813,
	6816,
	6819,
	6822,
	6825,
	6829,
	6832,
	6835,
	6838,
	6841,
	6844,
	6848,
	6851,
	6854,
	6857,
	6860,
	6863,
	6866,
	6869,
	6872,
	6876,
	6879,
	6882,
	6885,
	6889,
	6892,
	6895,
	6898,
	6901,
	6904,
	6907,
	6911,
	6915,
	6919,
	6922,
	6926,
	6929,
	6932,
	6935,
	6938,
	6941,
	6944,
	6947,
	6950,
	6953,
	6956,
	6960,
	6963,
	6966,
	6969,
	6972,
	6975,
	6978,
	6982,
	6985,
	6988,
	6992,
	6996,
	6999,
	7002,
	7005,
	7008,
	7011,
	7014,
	7017,
	7020,
	7023,
	7027,
	7030,
	7034,
	7037,
	7041,
	7044,
	7047,
	7050,
	7054,
	7057,
	7060,
	7064,
	7068,
	7071,
	7074,
	7077,
	7080,
	7083,
	7086,
	7089,
	7092,
	7095,
	7098,
	7101,
	7104,
	7107,
	7111,
	7114,
	7118,
	7121,
	7125,
	7128,
	7132,
	7136,
	7140,
	7143,
	7146,
	7149,
	7153,
	7157,
	7161,
	7165,
	7168,
	7171,
	7174,
	7177,
	7180,
	7183,
	7186,
	7189,
	7193,
	7196,
	7199,
	7202,
	7205,
	7209,
	7212,
	7216,
	7220,
	7223,
	7226,
	7229,
	7232,
	7235,
	7238,
	7242,
	7246,
	7250,
	7253,
	7256,
	7260,
	7263,
	7266,
	7269,
	7273,
	7276,
	7279,
	7282,
	7285,
	7288,
	7292,
	7295,
	7298,
	7301,
	7304,
	7307,
	7310,
	7314,
	7318,
	7321,
	7325,
	7328,
	7332,
	7335,
	7338,
	7341,
	7345,
	7349,
	7352,
	7356,
	7359,
	7363,
	7366,
	7369,
	7372,
	7375,
	7378,
	7381,
	7385,
	7389,
	7393,
	7397,
	7400,
	7403,
	7406,
	7409,
	7412,
	7415,
	7418,
	7421,
	7424,
	7427,
	7430,
	7433,
	7437,
	7440,
	7443,
	7446,
	7449,
	7452,
	7455,
	7458,
	7461,
	7464,
	7467,
	7470,
	7473,
	7477,
	7481,
	7485,
	7488,
	7491,
	7494,
	7497,
	7501,
	7504,
	7508,
	7511,
	7514,
	7518,
	7522,
	7525,
	7528,
	7531,
	7534,
	7537,
	7540,
	7543,
	7546,
	7549,
	7552,
	7555,
	7558,
	7561,
	7564,
	7567,
	7570,
	7573,
	7576,
	7579,
	7583,
	7586,
	7589,
	7592,
	7595,
	7598,
	7602,
	7606,
	7609,
	7612,
	7615,
	7618,
	7621,
	7624,
	7628,
	7631,
	7634,
	7637,
	7640,
	7644,
	7648,
	7651,
	7654,
	7657,
	7661,
	7664,
	7667,
	7671,
	7675,
	7678,
	7681,
	7684,
	7688,
	7691,
	7694,
	7697,
	7700,
	7703,
	7706,
	7709,
	7713,
	7716,
	7719,
	7722,
	7726,
	7729,
	7732,
	7735,
	7738,
	7742,
	7746,
	7749,
	7752,
	7755,
	7759,
	7762,
	7766,
	7769,
	7772,
	7775,
	7779,
	7782,
	7785,
	7788,
	7791,
	7794,
	7797,
	7800,
	7804,
	7807,
	7810,
	7813,
	7816,
	7819,
	7822,
	7826,
	7829,
	7833,
	7837,
	7841,
	7844,
	7847,
	7850,
	7853,
	7856,
	7859,
	7862,
	7865,
	7869,
}

const decompositions = "\U00000041\U00000300\U00000041\U00000301\U00000041\U00000302\U00000041\U00000303\U00000041\U00000308\U00000041\U0000030A\U00000043\U00000327\U00000045\U00000300\U00000045\U00000301\U00000045\U00000302\U00000045\U00000308\U00000049\U00000300\U00000049\U00000301\U00000049\U00000302\U00000049\U00000308\U0000004E\U00000303\U0000004F\U00000300\U0000004F\U00000301\U0000004F\U00000302\U0000004F\U00000303\U0000004F\U00000308\U00000055\U00000300\U00000055\U00000301\U00000055\U00000302\U00000055\U00000308\U00000059\U00000301\U00000061\U00000300\U00000061\U00000301\U00000061\U00000302\U00000061\U00000303\U00000061\U00000308\U00000061\U0000030A\U00000063\U00000327\U00000065\U00000300\U00000065\U00000301\U00000065\U00000302\U00000065\U00000308\U00000069\U00000300\U00000069\U00000301\U00000069\U00000302\U00000069\U00000308\U0000006E\U00000303\U0000006F\U00000300\U0000006F\U00000301\U0000006F\U00000302\U0000006F\U00000303\U0000006F\U00000308\U00000075\U00000300\U00000075\U00000301\U00000075\U00000302\U00000075\U00000308\U00000079\U00000301\U00000079\U00000308\U00000041\U00000304\U00000061\U00000304\U00000041\U00000306\U00000061\U00000306\U00000041\U00000328\U00000061\U00000328\U00000043\U00000301\U00000063\U00000301\U00000043\U00000302\U00000063\U00000302\U00000043\U00000307\U00000063\U00000307\U00000043\U0000030C\U00000063\U0000030C\U00000044\U0000030C\U00000064\U0000030C\U00000045\U00000304\U00000065\U00000304\U00000045\U00000306\U00000065\U00000306\U00000045\U00000307\U00000065\U00000307\U00000045\U00000328\U00000065\U00000328\U00000045\U0000030C\U00000065\U0000030C\U00000047\U00000302\U00000067\U00000302\U00000047\U00000306\U00000067\U00000306\U00000047\U00000307\U00000067\U00000307\U00000047\U00000327\U00000067\U00000327\U00000048\U00000302\U00000068\U00000302\U00000049\U00000303\U00000069\U00000303\U00000049\U00000304\U00000069\U00000304\U00000049\U00000306\U00000069\U00000306\U00000049\U00000328\U00000069\U00000328\U00000049\U00000307\U0000004A\U00000302\U0000006A\U00000302\U0000004B\U00000327\U0000006B\U00000327\U0000004C\U00000301\U0000006C\U00000301\U0000004C\U00000327\U0000006C\U00000327\U0000004C\U0000030C\U0000006C\U0000030C\U0000004E\U00000301\U0000006E\U00000301\U0000004E\U00000327\U0000006E\U00000327\U0000004E\U0000030C\U0000006E\U0000030C\U0000004F\U00000304\U0000006F\U00000304\U0000004F\U00000306\U0000006F\U00000306\U0000004F\U0000030B\U0000006F\U0000030B\U00000052\U00000301\U00000072\U00000301\U00000052\U00000327\U00000072\U00000327\U00000052\U0000030C\U00000072\U0000030C\U00000053\U00000301\U00000073\U00000301\U00000053\U00000302\U00000073\U00000302\U00000053\U00000327\U00000073\U00000327\U00000053\U0000030C\U00000073\U0000030C\U00000054\U00000327\U00000074\U00000327\U00000054\U0000030C\U00000074\U0000030C\U00000055\U00000303\U00000075\U00000303\U00000055\U00000304\U00000075\U00000304\U00000055\U00000306\U00000075\U00000306\U00000055\U0000030A\U00000075\U0000030A\U00000055\U0000030B\U00000075\U0000030B\U00000055\U00000328\U00000075\U00000328\U00000057\U00000302\U00000077\U00000302\U00000059\U00000302\U00000079\U00000302\U00000059\U00000308\U0000005A\U00000301\U0000007A\U00000301\U0000005A\U00000307\U0000007A\U00000307\U0000005A\U0000030C\U0000007A\U0000030C\U0000004F\U0000031B\U0000006F\U0000031B\U00000055\U0000031B\U00000075\U0000031B\U00000041\U0000030C\U00000061\U0000030C\U00000049\U0000030C\U00000069\U0000030C\U0000004F\U0000030C\U0000006F\U0000030C\U00000055\U0000030C\U00000075\U0000030C\U00000055\U00000308\U00000304\U00000075\U00000308\U00000304\U00000055\U00000308\U00000301\U00000075\U00000308\U00000301\U00000055\U00000308\U0000030C\U00000075\U00000308\U0000030C\U00000055\U00000308\U00000300\U00000075\U00000308\U00000300\U00000041\U00000308\U00000304\U00000061\U00000308\U00000304\U00000041\U00000307\U00000304\U00000061\U00000307\U00000304\U000000C6\U00000304\U000000E6\U00000304\U00000047\U0000030C\U00000067\U0000030C\U0000004B\U0000030C\U0000006B\U0000030C\U0000004F\U00000328\U0000006F\U00000328\U0000004F\U00000328\U00000304\U0000006F\U00000328\U00000304\U000001B7\U0000030C\U00000292\U0000030C\U0000006A\U0000030C\U00000047\U00000301\U00000067\U00000301\U0000004E\U00000300\U0000006E\U00000300\U00000041\U0000030A\U00000301\U00000061\U0000030A\U00000301\U000000C6\U00000301\U000000E6\U00000301\U000000D8\U00000301\U000000F8\U00000301\U00000041\U0000030F\U00000061\U0000030F\U00000041\U00000311\U00000061\U00000311\U00000045\U0000030F\U00000065\U0000030F\U00000045\U00000311\U00000065\U00000311\U00000049\U0000030F\U00000069\U0000030F\U00000049\U00000311\U00000069\U00000311\U0000004F\U0000030F\U0000006F\U0000030F\U0000004F\U00000311\U0000006F\U00000311\U00000052\U0000030F\U00000072\U0000030F\U00000052\U00000311\U00000072\U00000311\U00000055\U0000030F\U00000075\U0000030F\U00000055\U00000311\U00000075\U00000311\U00000053\U00000326\U00000073\U00000326\U00000054\U00000326\U00000074\U00000326\U00000048\U0000030C\U00000068\U0000030C\U00000041\U00000307\U00000061\U00000307\U00000045\U00000327\U00000065\U00000327\U0000004F\U00000308\U00000304\U0000006F\U00000308\U00000304\U0000004F\U00000303\U00000304\U0000006F\U00000303\U00000304\U0000004F\U00000307\U0000006F\U00000307\U0000004F\U00000307\U00000304\U0000006F\U00000307\U00000304\U00000059\U00000304\U00000079\U00000304\U00000300\U00000301\U00000313\U00000308\U00000301\U000002B9\U0000003B\U000000A8\U00000301\U00000391\U00000301\U000000B7\U00000395\U00000301\U00000397\U00000301\U00000399\U00000301\U0000039F\U00000301\U000003A5\U00000301\U000003A9\U00000301\U000003B9\U00000308\U00000301\U00000399\U00000308\U000003A5\U00000308\U000003B1\U00000301\U000003B5\U00000301\U000003B7\U00000301\U000003B9\U00000301\U000003C5\U00000308\U00000301\U000003B9\U00000308\U000003C5\U00000308\U000003BF\U00000301\U000003C5\U00000301\U000003C9\U00000301\U000003D2\U00000301\U000003D2\U00000308\U00000415\U00000300\U00000415\U00000308\U00000413\U00000301\U00000406\U00000308\U0000041A\U00000301\U00000418\U00000300\U00000423\U00000306\U00000418\U00000306\U00000438\U00000306\U00000435\U00000300\U00000435\U00000308\U00000433\U00000301\U00000456\U00000308\U0000043A\U00000301\U00000438\U00000300\U00000443\U00000306\U00000474\U0000030F\U00000475\U0000030F\U00000416\U00000306\U00000436\U00000306\U00000410\U00000306\U00000430\U00000306\U00000410\U00000308\U00000430\U00000308\U00000415\U00000306\U00000435\U00000306\U000004D8\U00000308\U000004D9\U00000308\U00000416\U00000308\U00000436\U00000308\U00000417\U00000308\U00000437\U00000308\U00000418\U00000304\U00000438\U00000304\U00000418\U00000308\U00000438\U00000308\U0000041E\U00000308\U0000043E\U00000308\U000004E8\U00000308\U000004E9\U00000308\U0000042D\U00000308\U0000044D\U00000308\U00000423\U00000304\U00000443\U00000304\U00000423\U00000308\U00000443\U00000308\U00000423\U0000030B\U00000443\U0000030B\U00000427\U00000308\U00000447\U00000308\U0000042B\U00000308\U0000044B\U00000308\U00000627\U00000653\U00000627\U00000654\U00000648\U00000654\U00000627\U00000655\U0000064A\U00000654\U000006D5\U00000654\U000006C1\U00000654\U000006D2\U00000654\U00000928\U0000093C\U00000930\U0000093C\U00000933\U0000093C\U00000915\U0000093C\U00000916\U0000093C\U00000917\U0000093C\U0000091C\U0000093C\U00000921\U0000093C\U00000922\U0000093C\U0000092B\U0000093C\U0000092F\U0000093C\U000009C7\U000009BE\U000009C7\U000009D7\U000009A1\U000009BC\U000009A2\U000009BC\U000009AF\U000009BC\U00000A32\U00000A3C\U00000A38\U00000A3C\U00000A16\U00000A3C\U00000A17\U00000A3C\U00000A1C\U00000A3C\U00000A2B\U00000A3C\U00000B47\U00000B56\U00000B47\U00000B3E\U00000B47\U00000B57\U00000B21\U00000B3C\U00000B22\U00000B3C\U00000B92\U00000BD7\U00000BC6\U00000BBE\U00000BC7\U00000BBE\U00000BC6\U00000BD7\U00000C46\U00000C56\U00000CBF\U00000CD5\U00000CC6\U00000CD5\U00000CC6\U00000CD6\U00000CC6\U00000CC2\U00000CC6\U00000CC2\U00000CD5\U00000D46\U00000D3E\U00000D47\U00000D3E\U00000D46\U00000D57\U00000DD9\U00000DCA\U00000DD9\U00000DCF\U00000DD9\U00000DCF\U00000DCA\U00000DD9\U00000DDF\U00000F42\U00000FB7\U00000F4C\U00000FB7\U00000F51\U00000FB7\U00000F56\U00000FB7\U00000F5B\U00000FB7\U00000F40\U00000FB5\U00000F71\U00000F72\U00000F71\U00000F74\U00000FB2\U00000F80\U00000FB3\U00000F80\U00000F71\U00000F80\U00000F92\U00000FB7\U00000F9C\U00000FB7\U00000FA1\U00000FB7\U00000FA6\U00000FB7\U00000FAB\U00000FB7\U00000F90\U00000FB5\U00001025\U0000102E\U00001B05\U00001B35\U00001B07\U00001B35\U00001B09\U00001B35\U00001B0B\U00001B35\U00001B0D\U00001B35\U00001B11\U00001B35\U00001B3A\U00001B35\U00001B3C\U00001B35\U00001B3E\U00001B35\U00001B3F\U00001B35\U00001B42\U00001B35\U00000041\U00000325\U00000061\U00000325\U00000042\U00000307\U00000062\U00000307\U00000042\U00000323\U00000062\U00000323\U00000042\U00000331\U00000062\U00000331\U00000043\U00000327\U00000301\U00000063\U00000327\U00000301\U00000044\U00000307\U00000064\U00000307\U00000044\U00000323\U00000064\U00000323\U00000044\U00000331\U00000064\U00000331\U00000044\U00000327\U00000064\U00000327\U00000044\U0000032D\U00000064\U0000032D\U00000045\U00000304\U00000300\U00000065\U00000304\U00000300\U00000045\U00000304\U00000301\U00000065\U00000304\U00000301\U00000045\U0000032D\U00000065\U0000032D\U00000045\U00000330\U00000065\U00000330\U00000045\U00000327\U00000306\U00000065\U00000327\U00000306\U00000046\U00000307\U00000066\U00000307\U00000047\U00000304\U00000067\U00000304\U00000048\U00000307\U00000068\U00000307\U00000048\U00000323\U00000068\U00000323\U00000048\U00000308\U00000068\U00000308\U00000048\U00000327\U00000068\U00000327\U00000048\U0000032E\U00000068\U0000032E\U00000049\U00000330\U00000069\U00000330\U00000049\U00000308\U00000301\U00000069\U00000308\U00000301\U0000004B\U00000301\U0000006B\U00000301\U0000004B\U00000323\U0000006B\U00000323\U0000004B\U00000331\U0000006B\U00000331\U0000004C\U00000323\U0000006C\U00000323\U0000004C\U00000323\U00000304\U0000006C\U00000323\U00000304\U0000004C\U00000331\U0000006C\U00000331\U0000004C\U0000032D\U0000006C\U0000032D\U0000004D\U00000301\U0000006D\U00000301\U0000004D\U00000307\U0000006D\U00000307\U0000004D\U00000323\U0000006D\U00000323\U0000004E\U00000307\U0000006E\U00000307\U0000004E\U00000323\U0000006E\U00000323\U0000004E\U00000331\U0000006E\U00000331\U0000004E\U0000032D\U0000006E\U0000032D\U0000004F\U00000303\U00000301\U0000006F\U00000303\U00000301\U0000004F\U00000303\U00000308\U0000006F\U00000303\U00000308\U0000004F\U00000304\U00000300\U0000006F\U00000304\U00000300\U0000004F\U00000304\U00000301\U0000006F\U00000304\U00000301\U00000050\U00000301\U00000070\U00000301\U00000050\U00000307\U00000070\U00000307\U00000052\U00000307\U00000072\U00000307\U00000052\U00000323\U00000072\U00000323\U00000052\U00000323\U00000304\U00000072\U00000323\U00000304\U00000052\U00000331\U00000072\U00000331\U00000053\U00000307\U00000073\U00000307\U00000053\U00000323\U00000073\U00000323\U00000053\U00000301\U00000307\U00000073\U00000301\U00000307\U00000053\U0000030C\U00000307\U00000073\U0000030C\U00000307\U00000053\U00000323\U00000307\U00000073\U00000323\U00000307\U00000054\U00000307\U00000074\U00000307\U00000054\U00000323\U00000074\U00000323\U00000054\U00000331\U00000074\U00000331\U00000054\U0000032D\U00000074\U0000032D\U00000055\U00000324\U00000075\U00000324\U00000055\U00000330\U00000075\U00000330\U00000055\U0000032D\U00000075\U0000032D\U00000055\U00000303\U00000301\U00000075\U00000303\U00000301\U00000055\U00000304\U00000308\U00000075\U00000304\U00000308\U00000056\U00000303\U00000076\U00000303\U00000056\U00000323\U00000076\U00000323\U00000057\U00000300\U00000077\U00000300\U00000057\U00000301\U00000077\U00000301\U00000057\U00000308\U00000077\U00000308\U00000057\U00000307\U00000077\U00000307\U00000057\U00000323\U00000077\U00000323\U00000058\U00000307\U00000078\U00000307\U00000058\U00000308\U00000078\U00000308\U00000059\U00000307\U00000079\U00000307\U0000005A\U00000302\U0000007A\U00000302\U0000005A\U00000323\U0000007A\U00000323\U0000005A\U00000331\U0000007A\U00000331\U00000068\U00000331\U00000074\U00000308\U00000077\U0000030A\U00000079\U0000030A\U0000017F\U00000307\U00000041\U00000323\U00000061\U00000323\U00000041\U00000309\U00000061\U00000309\U00000041\U00000302\U00000301\U00000061\U00000302\U00000301\U00000041\U00000302\U00000300\U00000061\U00000302\U00000300\U00000041\U00000302\U00000309\U00000061\U00000302\U00000309\U00000041\U00000302\U00000303\U00000061\U00000302\U00000303\U00000041\U00000323\U00000302\U00000061\U00000323\U00000302\U00000041\U00000306\U00000301\U00000061\U00000306\U00000301\U00000041\U00000306\U00000300\U00000061\U00000306\U00000300\U00000041\U00000306\U00000309\U00000061\U00000306\U00000309\U00000041\U00000306\U00000303\U00000061\U00000306\U00000303\U00000041\U00000323\U00000306\U00000061\U00000323\U00000306\U00000045\U00000323\U00000065\U00000323\U00000045\U00000309\U00000065\U00000309\U00000045\U00000303\U00000065\U00000303\U00000045\U00000302\U00000301\U00000065\U00000302\U00000301\U00000045\U00000302\U00000300\U00000065\U00000302\U00000300\U00000045\U00000302\U00000309\U00000065\U00000302\U00000309\U00000045\U00000302\U00000303\U00000065\U00000302\U00000303\U00000045\U00000323\U00000302\U00000065\U00000323\U00000302\U00000049\U00000309\U00000069\U00000309\U00000049\U00000323\U00000069\U00000323\U0000004F\U00000323\U0000006F\U00000323\U0000004F\U00000309\U0000006F\U00000309\U0000004F\U00000302\U00000301\U0000006F\U00000302\U00000301\U0000004F\U00000302\U00000300\U0000006F\U00000302\U00000300\U0000004F\U00000302\U00000309\U0000006F\U00000302\U00000309\U0000004F\U00000302\U00000303\U0000006F\U00000302\U00000303\U0000004F\U00000323\U00000302\U0000006F\U00000323\U00000302\U0000004F\U0000031B\U00000301\U0000006F\U0000031B\U00000301\U0000004F\U0000031B\U00000300\U0000006F\U0000031B\U00000300\U0000004F\U0000031B\U00000309\U0000006F\U0000031B\U00000309\U0000004F\U0000031B\U00000303\U0000006F\U0000031B\U00000303\U0000004F\U0000031B\U00000323\U0000006F\U0000031B\U00000323\U00000055\U00000323\U00000075\U00000323\U00000055\U00000309\U00000075\U00000309\U00000055\U0000031B\U00000301\U00000075\U0000031B\U00000301\U00000055\U0000031B\U00000300\U00000075\U0000031B\U00000300\U00000055\U0000031B\U00000309\U00000075\U0000031B\U00000309\U00000055\U0000031B\U00000303\U00000075\U0000031B\U00000303\U00000055\U0000031B\U00000323\U00000075\U0000031B\U00000323\U00000059\U00000300\U00000079\U00000300\U00000059\U00000323\U00000079\U00000323\U00000059\U00000309\U00000079\U00000309\U00000059\U00000303\U00000079\U00000303\U000003B1\U00000313\U000003B1\U00000314\U000003B1\U00000313\U00000300\U000003B1\U00000314\U00000300\U000003B1\U00000313\U00000301\U000003B1\U00000314\U00000301\U000003B1\U00000313\U00000342\U000003B1\U00000314\U00000342\U00000391\U00000313\U00000391\U00000314\U00000391\U00000313\U00000300\U00000391\U00000314\U00000300\U00000391\U00000313\U00000301\U00000391\U00000314\U00000301\U00000391\U00000313\U00000342\U00000391\U00000314\U00000342\U000003B5\U00000313\U000003B5\U00000314\U000003B5\U00000313\U00000300\U000003B5\U00000314\U00000300\U000003B5\U00000313\U00000301\U000003B5\U00000314\U00000301\U00000395\U00000313\U00000395\U00000314\U00000395\U00000313\U00000300\U00000395\U00000314\U00000300\U00000395\U00000313\U00000301\U00000395\U00000314\U00000301\U000003B7\U00000313\U000003B7\U00000314\U000003B7\U00000313\U00000300\U000003B7\U00000314\U00000300\U000003B7\U00000313\U00000301\U000003B7\U00000314\U00000301\U000003B7\U00000313\U00000342\U000003B7\U00000314\U00000342\U00000397\U00000313\U00000397\U00000314\U00000397\U00000313\U00000300\U00000397\U00000314\U00000300\U00000397\U00000313\U00000301\U00000397\U00000314\U00000301\U00000397\U00000313\U00000342\U00000397\U00000314\U00000342\U000003B9\U00000313\U000003B9\U00000314\U000003B9\U00000313\U00000300\U000003B9\U00000314\U00000300\U000003B9\U00000313\U00000301\U000003B9\U00000314\U00000301\U000003B9\U00000313\U00000342\U000003B9\U00000314\U00000342\U00000399\U00000313\U00000399\U00000314\U00000399\U00000313\U00000300\U00000399\U00000314\U00000300\U00000399\U00000313\U00000301\U00000399\U00000314\U00000301\U00000399\U00000313\U00000342\U00000399\U00000314\U00000342\U000003BF\U00000313\U000003BF\U00000314\U000003BF\U00000313\U00000300\U000003BF\U00000314\U00000300\U000003BF\U00000313\U00000301\U000003BF\U00000314\U00000301\U0000039F\U00000313\U0000039F\U00000314\U0000039F\U00000313\U00000300\U0000039F\U00000314\U00000300\U0000039F\U00000313\U00000301\U0000039F\U00000314\U00000301\U000003C5\U00000313\U000003C5\U00000314\U000003C5\U00000313\U00000300\U000003C5\U00000314\U00000300\U000003C5\U00000313\U00000301\U000003C5\U00000314\U00000301\U000003C5\U00000313\U00000342\U000003C5\U00000314\U00000342\U000003A5\U00000314\U000003A5\U00000314\U00000300\U000003A5\U00000314\U00000301\U000003A5\U00000314\U00000342\U000003C9\U00000313\U000003C9\U00000314\U000003C9\U00000313\U00000300\U000003C9\U00000314\U00000300\U000003C9\U00000313\U00000301\U000003C9\U00000314\U00000301\U000003C9\U00000313\U00000342\U000003C9\U00000314\U00000342\U000003A9\U00000313\U000003A9\U00000314\U000003A9\U00000313\U00000300\U000003A9\U00000314\U00000300\U000003A9\U00000313\U00000301\U000003A9\U00000314\U00000301\U000003A9\U00000313\U00000342\U000003A9\U00000314\U00000342\U000003B1\U00000300\U000003B1\U00000301\U000003B5\U00000300\U000003B5\U00000301\U000003B7\U00000300\U000003B7\U00000301\U000003B9\U00000300\U000003B9\U00000301\U000003BF\U00000300\U000003BF\U00000301\U000003C5\U00000300\U000003C5\U00000301\U000003C9\U00000300\U000003C9\U00000301\U000003B1\U00000313\U00000345\U000003B1\U00000314\U00000345\U000003B1\U00000313\U00000300\U00000345\U000003B1\U00000314\U00000300\U00000345\U000003B1\U00000313\U00000301\U00000345\U000003B1\U00000314\U00000301\U00000345\U000003B1\U00000313\U00000342\U00000345\U000003B1\U00000314\U00000342\U00000345\U00000391\U00000313\U00000345\U00000391\U00000314\U00000345\U00000391\U00000313\U00000300\U00000345\U00000391\U00000314\U00000300\U00000345\U00000391\U00000313\U00000301\U00000345\U00000391\U00000314\U00000301\U00000345\U00000391\U00000313\U00000342\U00000345\U00000391\U00000314\U00000342\U00000345\U000003B7\U00000313\U00000345\U000003B7\U00000314\U00000345\U000003B7\U00000313\U00000300\U00000345\U000003B7\U00000314\U00000300\U00000345\U000003B7\U00000313\U00000301\U00000345\U000003B7\U00000314\U00000301\U00000345\U000003B7\U00000313\U00000342\U00000345\U000003B7\U00000314\U00000342\U00000345\U00000397\U00000313\U00000345\U00000397\U00000314\U00000345\U00000397\U00000313\U00000300\U00000345\U00000397\U00000314\U00000300\U00000345\U00000397\U00000313\U00000301\U00000345\U00000397\U00000314\U00000301\U00000345\U00000397\U00000313\U00000342\U00000345\U00000397\U00000314\U00000342\U00000345\U000003C9\U00000313\U00000345\U000003C9\U00000314\U00000345\U000003C9\U00000313\U00000300\U00000345\U000003C9\U00000314\U00000300\U00000345\U000003C9\U00000313\U00000301\U00000345\U000003C9\U00000314\U00000301\U00000345\U000003C9\U00000313\U00000342\U00000345\U000003C9\U00000314\U00000342\U00000345\U000003A9\U00000313\U00000345\U000003A9\U00000314\U00000345\U000003A9\U00000313\U00000300\U00000345\U000003A9\U00000314\U00000300\U00000345\U000003A9\U00000313\U00000301\U00000345\U000003A9\U00000314\U00000301\U00000345\U000003A9\U00000313\U00000342\U00000345\U000003A9\U00000314\U00000342\U00000345\U000003B1\U00000306\U000003B1\U00000304\U000003B1\U00000300\U00000345\U000003B1\U00000345\U000003B1\U00000301\U00000345\U000003B1\U00000342\U000003B1\U00000342\U00000345\U00000391\U00000306\U00000391\U00000304\U00000391\U00000300\U00000391\U00000301\U00000391\U00000345\U000003B9\U000000A8\U00000342\U000003B7\U00000300\U00000345\U000003B7\U00000345\U000003B7\U00000301\U00000345\U000003B7\U00000342\U000003B7\U00000342\U00000345\U00000395\U00000300\U00000395\U00000301\U00000397\U00000300\U00000397\U00000301\U00000397\U00000345\U00001FBF\U00000300\U00001FBF\U00000301\U00001FBF\U00000342\U000003B9\U00000306\U000003B9\U00000304\U000003B9\U00000308\U00000300\U000003B9\U00000308\U00000301\U000003B9\U00000342\U000003B9\U00000308\U00000342\U00000399\U00000306\U00000399\U00000304\U00000399\U00000300\U00000399\U00000301\U00001FFE\U00000300\U00001FFE\U00000301\U00001FFE\U00000342\U000003C5\U00000306\U000003C5\U00000304\U000003C5\U00000308\U00000300\U000003C5\U00000308\U00000301\U000003C1\U00000313\U000003C1\U00000314\U000003C5\U00000342\U000003C5\U00000308\U00000342\U000003A5\U00000306\U000003A5\U00000304\U000003A5\U00000300\U000003A5\U00000301\U000003A1\U00000314\U000000A8\U00000300\U000000A8\U00000301\U00000060\U000003C9\U00000300\U00000345\U000003C9\U00000345\U000003C9\U00000301\U00000345\U000003C9\U00000342\U000003C9\U00000342\U00000345\U0000039F\U00000300\U0000039F\U00000301\U000003A9\U00000300\U000003A9\U00000301\U000003A9\U00000345\U000000B4\U00002002\U00002003\U000003A9\U0000004B\U00000041\U0000030A\U00002190\U00000338\U00002192\U00000338\U00002194\U00000338\U000021D0\U00000338\U000021D4\U00000338\U000021D2\U00000338\U00002203\U00000338\U00002208\U00000338\U0000220B\U00000338\U00002223\U00000338\U00002225\U00000338\U0000223C\U00000338\U00002243\U00000338\U00002245\U00000338\U00002248\U00000338\U0000003D\U00000338\U00002261\U00000338\U0000224D\U00000338\U0000003C\U00000338\U0000003E\U00000338\U00002264\U00000338\U00002265\U00000338\U00002272\U00000338\U00002273\U00000338\U00002276\U00000338\U00002277\U00000338\U0000227A\U00000338\U0000227B\U00000338\U00002282\U00000338\U00002283\U00000338\U00002286\U00000338\U00002287\U00000338\U000022A2\U00000338\U000022A8\U00000338\U000022A9\U00000338\U000022AB\U00000338\U0000227C\U00000338\U0000227D\U00000338\U00002291\U00000338\U00002292\U00000338\U000022B2\U00000338\U000022B3\U00000338\U000022B4\U00000338\U000022B5\U00000338\U00003008\U00003009\U00002ADD\U00000338\U0000304B\U00003099\U0000304D\U00003099\U0000304F\U00003099\U00003051\U00003099\U00003053\U00003099\U00003055\U00003099\U00003057\U00003099\U00003059\U00003099\U0000305B\U00003099\U0000305D\U00003099\U0000305F\U00003099\U00003061\U00003099\U00003064\U00003099\U00003066\U00003099\U00003068\U00003099\U0000306F\U00003099\U0000306F\U0000309A\U00003072\U00003099\U00003072\U0000309A\U00003075\U00003099\U00003075\U0000309A\U00003078\U00003099\U00003078\U0000309A\U0000307B\U00003099\U0000307B\U0000309A\U00003046\U00003099\U0000309D\U00003099\U000030AB\U00003099\U000030AD\U00003099\U000030AF\U00003099\U000030B1\U00003099\U000030B3\U00003099\U000030B5\U00003099\U000030B7\U00003099\U000030B9\U00003099\U000030BB\U00003099\U000030BD\U00003099\U000030BF\U00003099\U000030C1\U00003099\U000030C4\U00003099\U000030C6\U00003099\U000030C8\U00003099\U000030CF\U00003099\U000030CF\U0000309A\U000030D2\U00003099\U000030D2\U0000309A\U000030D5\U00003099\U000030D5\U0000309A\U000030D8\U00003099\U000030D8\U0000309A\U000030DB\U00003099\U000030DB\U0000309A\U000030A6\U00003099\U000030EF\U00003099\U000030F0\U00003099\U000030F1\U00003099\U000030F2\U00003099\U000030FD\U00003099\U00008C48\U000066F4\U00008ECA\U00008CC8\U00006ED1\U00004E32\U000053E5\U00009F9C\U00009F9C\U00005951\U000091D1\U00005587\U00005948\U000061F6\U00007669\U00007F85\U0000863F\U000087BA\U000088F8\U0000908F\U00006A02\U00006D1B\U000070D9\U000073DE\U0000843D\U0000916A\U000099F1\U00004E82\U00005375\U00006B04\U0000721B\U0000862D\U00009E1E\U00005D50\U00006FEB\U000085CD\U00008964\U000062C9\U000081D8\U0000881F\U00005ECA\U00006717\U00006D6A\U000072FC\U000090CE\U00004F86\U000051B7\U000052DE\U000064C4\U00006AD3\U00007210\U000076E7\U00008001\U00008606\U0000865C\U00008DEF\U00009732\U00009B6F\U00009DFA\U0000788C\U0000797F\U00007DA0\U000083C9\U00009304\U00009E7F\U00008AD6\U000058DF\U00005F04\U00007C60\U0000807E\U00007262\U000078CA\U00008CC2\U000096F7\U000058D8\U00005C62\U00006A13\U00006DDA\U00006F0F\U00007D2F\U00007E37\U0000964B\U000052D2\U0000808B\U000051DC\U000051CC\U00007A1C\U00007DBE\U000083F1\U00009675\U00008B80\U000062CF\U00006A02\U00008AFE\U00004E39\U00005BE7\U00006012\U00007387\U00007570\U00005317\U000078FB\U00004FBF\U00005FA9\U00004E0D\U00006CCC\U00006578\U00007D22\U000053C3\U0000585E\U00007701\U00008449\U00008AAA\U00006BBA\U00008FB0\U00006C88\U000062FE\U000082E5\U000063A0\U00007565\U00004EAE\U00005169\U000051C9\U00006881\U00007CE7\U0000826F\U00008AD2\U000091CF\U000052F5\U00005442\U00005973\U00005EEC\U000065C5\U00006FFE\U0000792A\U000095AD\U00009A6A\U00009E97\U00009ECE\U0000529B\U000066C6\U00006B77\U00008F62\U00005E74\U00006190\U00006200\U0000649A\U00006F23\U00007149\U00007489\U000079CA\U00007DF4\U0000806F\U00008F26\U000084EE\U00009023\U0000934A\U00005217\U000052A3\U000054BD\U000070C8\U000088C2\U00008AAA\U00005EC9\U00005FF5\U0000637B\U00006BAE\U00007C3E\U00007375\U00004EE4\U000056F9\U00005BE7\U00005DBA\U0000601C\U000073B2\U00007469\U00007F9A\U00008046\U00009234\U000096F6\U00009748\U00009818\U00004F8B\U000079AE\U000091B4\U000096B8\U000060E1\U00004E86\U000050DA\U00005BEE\U00005C3F\U00006599\U00006A02\U000071CE\U00007642\U000084FC\U0000907C\U00009F8D\U00006688\U0000962E\U00005289\U0000677B\U000067F3\U00006D41\U00006E9C\U00007409\U00007559\U0000786B\U00007D10\U0000985E\U0000516D\U0000622E\U00009678\U0000502B\U00005D19\U00006DEA\U00008F2A\U00005F8B\U00006144\U00006817\U00007387\U00009686\U00005229\U0000540F\U00005C65\U00006613\U0000674E\U000068A8\U00006CE5\U00007406\U000075E2\U00007F79\U000088CF\U000088E1\U000091CC\U000096E2\U0000533F\U00006EBA\U0000541D\U000071D0\U00007498\U000085FA\U000096A3\U00009C57\U00009E9F\U00006797\U00006DCB\U000081E8\U00007ACB\U00007B20\U00007C92\U000072C0\U00007099\U00008B58\U00004EC0\U00008336\U0000523A\U00005207\U00005EA6\U000062D3\U00007CD6\U00005B85\U00006D1E\U000066B4\U00008F3B\U0000884C\U0000964D\U0000898B\U00005ED3\U00005140\U000055C0\U0000585A\U00006674\U000051DE\U0000732A\U000076CA\U0000793C\U0000795E\U00007965\U0000798F\U00009756\U00007CBE\U00007FBD\U00008612\U00008AF8\U00009038\U000090FD\U000098EF\U000098FC\U00009928\U00009DB4\U000090DE\U000096B7\U00004FAE\U000050E7\U0000514D\U000052C9\U000052E4\U00005351\U0000559D\U00005606\U00005668\U00005840\U000058A8\U00005C64\U00005C6E\U00006094\U00006168\U0000618E\U000061F2\U0000654F\U000065E2\U00006691\U00006885\U00006D77\U00006E1A\U00006F22\U0000716E\U0000722B\U00007422\U00007891\U0000793E\U00007949\U00007948\U00007950\U00007956\U0000795D\U0000798D\U0000798E\U00007A40\U00007A81\U00007BC0\U00007DF4\U00007E09\U00007E41\U00007F72\U00008005\U000081ED\U00008279\U00008279\U00008457\U00008910\U00008996\U00008B01\U00008B39\U00008CD3\U00008D08\U00008FB6\U00009038\U000096E3\U000097FF\U0000983B\U00006075\U000242EE\U00008218\U00004E26\U000051B5\U00005168\U00004F80\U00005145\U00005180\U000052C7\U000052FA\U0000559D\U00005555\U00005599\U000055E2\U0000585A\U000058B3\U00005944\U00005954\U00005A62\U00005B28\U00005ED2\U00005ED9\U00005F69\U00005FAD\U000060D8\U0000614E\U00006108\U0000618E\U00006160\U000061F2\U00006234\U000063C4\U0000641C\U00006452\U00006556\U00006674\U00006717\U0000671B\U00006756\U00006B79\U00006BBA\U00006D41\U00006EDB\U00006ECB\U00006F22\U0000701E\U0000716E\U000077A7\U00007235\U000072AF\U0000732A\U00007471\U00007506\U0000753B\U0000761D\U0000761F\U000076CA\U000076DB\U000076F4\U0000774A\U00007740\U000078CC\U00007AB1\U00007BC0\U00007C7B\U00007D5B\U00007DF4\U00007F3E\U00008005\U00008352\U000083EF\U00008779\U00008941\U00008986\U00008996\U00008ABF\U00008AF8\U00008ACB\U00008B01\U00008AFE\U00008AED\U00008B39\U00008B8A\U00008D08\U00008F38\U00009072\U00009199\U00009276\U0000967C\U000096E3\U00009756\U000097DB\U000097FF\U0000980B\U0000983B\U00009B12\U00009F9C\U0002284A\U00022844\U000233D5\U00003B9D\U00004018\U00004039\U00025249\U00025CD0\U00027ED3\U00009F43\U00009F8E\U000005D9\U000005B4\U000005F2\U000005B7\U000005E9\U000005C1\U000005E9\U000005C2\U000005E9\U000005BC\U000005C1\U000005E9\U000005BC\U000005C2\U000005D0\U000005B7\U000005D0\U000005B8\U000005D0\U000005BC\U000005D1\U000005BC\U000005D2\U000005BC\U000005D3\U000005BC\U000005D4\U000005BC\U000005D5\U000005BC\U000005D6\U000005BC\U000005D8\U000005BC\U000005D9\U000005BC\U000005DA\U000005BC\U000005DB\U000005BC\U000005DC\U000005BC\U000005DE\U000005BC\U000005E0\U000005BC\U000005E1\U000005BC\U000005E3\U000005BC\U000005E4\U000005BC\U000005E6\U000005BC\U000005E7\U000005BC\U000005E8\U000005BC\U000005E9\U000005BC\U000005EA\U000005BC\U000005D5\U000005B9\U000005D1\U000005BF\U000005DB\U000005BF\U000005E4\U000005BF\U00011099\U000110BA\U0001109B\U000110BA\U000110A5\U000110BA\U00011131\U00011127\U00011132\U00011127\U00011347\U0001133E\U00011347\U00011357\U000114B9\U000114BA\U000114B9\U000114B0\U000114B9\U000114BD\U000115B8\U000115AF\U000115B9\U000115AF\U00011935\U00011930\U0001D157\U0001D165\U0001D158\U0001D165\U0001D158\U0001D165\U0001D16E\U0001D158\U0001D165\U0001D16F\U0001D158\U0001D165\U0001D170\U0001D158\U0001D165\U0001D171\U0001D158\U0001D165\U0001D172\U0001D1B9\U0001D165\U0001D1BA\U0001D165\U0001D1B9\U0001D165\U0001D16E\U0001D1BA\U0001D165\U0001D16E\U0001D1B9\U0001D165\U0001D16F\U0001D1BA\U0001D165\U0001D16F\U00004E3D\U00004E38\U00004E41\U00020122\U00004F60\U00004FAE\U00004FBB\U00005002\U0000507A\U00005099\U000050E7\U000050CF\U0000349E\U0002063A\U0000514D\U00005154\U00005164\U00005177\U0002051C\U000034B9\U00005167\U0000518D\U0002054B\U00005197\U000051A4\U00004ECC\U000051AC\U000051B5\U000291DF\U000051F5\U00005203\U000034DF\U0000523B\U00005246\U00005272\U00005277\U00003515\U000052C7\U000052C9\U000052E4\U000052FA\U00005305\U00005306\U00005317\U00005349\U00005351\U0000535A\U00005373\U0000537D\U0000537F\U0000537F\U0000537F\U00020A2C\U00007070\U000053CA\U000053DF\U00020B63\U000053EB\U000053F1\U00005406\U0000549E\U00005438\U00005448\U00005468\U000054A2\U000054F6\U00005510\U00005553\U00005563\U00005584\U00005584\U00005599\U000055AB\U000055B3\U000055C2\U00005716\U00005606\U00005717\U00005651\U00005674\U00005207\U000058EE\U000057CE\U000057F4\U0000580D\U0000578B\U00005832\U00005831\U000058AC\U000214E4\U000058F2\U000058F7\U00005906\U0000591A\U00005922\U00005962\U000216A8\U000216EA\U000059EC\U00005A1B\U00005A27\U000059D8\U00005A66\U000036EE\U000036FC\U00005B08\U00005B3E\U00005B3E\U000219C8\U00005BC3\U00005BD8\U00005BE7\U00005BF3\U00021B18\U00005BFF\U00005C06\U00005F53\U00005C22\U00003781\U00005C60\U00005C6E\U00005CC0\U00005C8D\U00021DE4\U00005D43\U00021DE6\U00005D6E\U00005D6B\U00005D7C\U00005DE1\U00005DE2\U0000382F\U00005DFD\U00005E28\U00005E3D\U00005E69\U00003862\U00022183\U0000387C\U00005EB0\U00005EB3\U00005EB6\U00005ECA\U0002A392\U00005EFE\U00022331\U00022331\U00008201\U00005F22\U00005F22\U000038C7\U000232B8\U000261DA\U00005F62\U00005F6B\U000038E3\U00005F9A\U00005FCD\U00005FD7\U00005FF9\U00006081\U0000393A\U0000391C\U00006094\U000226D4\U000060C7\U00006148\U0000614C\U0000614E\U0000614C\U0000617A\U0000618E\U000061B2\U000061A4\U000061AF\U000061DE\U000061F2\U000061F6\U00006210\U0000621B\U0000625D\U000062B1\U000062D4\U00006350\U00022B0C\U0000633D\U000062FC\U00006368\U00006383\U000063E4\U00022BF1\U00006422\U000063C5\U000063A9\U00003A2E\U00006469\U0000647E\U0000649D\U00006477\U00003A6C\U0000654F\U0000656C\U0002300A\U000065E3\U000066F8\U00006649\U00003B19\U00006691\U00003B08\U00003AE4\U00005192\U00005195\U00006700\U0000669C\U000080AD\U000043D9\U00006717\U0000671B\U00006721\U0000675E\U00006753\U000233C3\U00003B49\U000067FA\U00006785\U00006852\U00006885\U0002346D\U0000688E\U0000681F\U00006914\U00003B9D\U00006942\U000069A3\U000069EA\U00006AA8\U000236A3\U00006ADB\U00003C18\U00006B21\U000238A7\U00006B54\U00003C4E\U00006B72\U00006B9F\U00006BBA\U00006BBB\U00023A8D\U00021D0B\U00023AFA\U00006C4E\U00023CBC\U00006CBF\U00006CCD\U00006C67\U00006D16\U00006D3E\U00006D77\U00006D41\U00006D69\U00006D78\U00006D85\U00023D1E\U00006D34\U00006E2F\U00006E6E\U00003D33\U00006ECB\U00006EC7\U00023ED1\U00006DF9\U00006F6E\U00023F5E\U00023F8E\U00006FC6\U00007039\U0000701E\U0000701B\U00003D96\U0000704A\U0000707D\U00007077\U000070AD\U00020525\U00007145\U00024263\U0000719C\U000243AB\U00007228\U00007235\U00007250\U00024608\U00007280\U00007295\U00024735\U00024814\U0000737A\U0000738B\U00003EAC\U000073A5\U00003EB8\U00003EB8\U00007447\U0000745C\U00007471\U00007485\U000074CA\U00003F1B\U00007524\U00024C36\U0000753E\U00024C92\U00007570\U0002219F\U00007610\U00024FA1\U00024FB8\U00025044\U00003FFC\U00004008\U000076F4\U000250F3\U000250F2\U00025119\U00025133\U0000771E\U0000771F\U0000771F\U0000774A\U00004039\U0000778B\U00004046\U00004096\U0002541D\U0000784E\U0000788C\U000078CC\U000040E3\U00025626\U00007956\U0002569A\U000256C5\U0000798F\U000079EB\U0000412F\U00007A40\U00007A4A\U00007A4F\U0002597C\U00025AA7\U00025AA7\U00007AEE\U00004202\U00025BAB\U00007BC6\U00007BC9\U00004227\U00025C80\U00007CD2\U000042A0\U00007CE8\U00007CE3\U00007D00\U00025F86\U00007D63\U00004301\U00007DC7\U00007E02\U00007E45\U00004334\U00026228\U00026247\U00004359\U000262D9\U00007F7A\U0002633E\U00007F95\U00007FFA\U00008005\U000264DA\U00026523\U00008060\U000265A8\U00008070\U0002335F\U000043D5\U000080B2\U00008103\U0000440B\U0000813E\U00005AB5\U000267A7\U000267B5\U00023393\U0002339C\U00008201\U00008204\U00008F9E\U0000446B\U00008291\U0000828B\U0000829D\U000052B3\U000082B1\U000082B3\U000082BD\U000082E6\U00026B3C\U000082E5\U0000831D\U00008363\U000083AD\U00008323\U000083BD\U000083E7\U00008457\U00008353\U000083CA\U000083CC\U000083DC\U00026C36\U00026D6B\U00026CD5\U0000452B\U000084F1\U000084F3\U00008516\U000273CA\U00008564\U00026F2C\U0000455D\U00004561\U00026FB1\U000270D2\U0000456B\U00008650\U0000865C\U00008667\U00008669\U000086A9\U00008688\U0000870E\U000086E2\U00008779\U00008728\U0000876B\U00008786\U000045D7\U000087E1\U00008801\U000045F9\U00008860\U00008863\U00027667\U000088D7\U000088DE\U00004635\U000088FA\U000034BB\U000278AE\U00027966\U000046BE\U000046C7\U00008AA0\U00008AED\U00008B8A\U00008C55\U00027CA8\U00008CAB\U00008CC1\U00008D1B\U00008D77\U00027F2F\U00020804\U00008DCB\U00008DBC\U00008DF0\U000208DE\U00008ED4\U00008F38\U000285D2\U000285ED\U00009094\U000090F1\U00009111\U0002872E\U0000911B\U00009238\U000092D7\U000092D8\U0000927C\U000093F9\U00009415\U00028BFA\U0000958B\U00004995\U000095B7\U00028D77\U000049E6\U000096C3\U00005DB2\U00009723\U00029145\U0002921A\U00004A6E\U00004A76\U000097E0\U0002940A\U00004AB2\U00029496\U0000980B\U0000980B\U00009829\U000295B6\U000098E2\U00004B33\U00009929\U000099A7\U000099C2\U000099FE\U00004BCE\U00029B30\U00009B12\U00009C40\U00009CFD\U00004CCE\U00004CED\U00009D67\U0002A0CE\U00004CF8\U0002A105\U0002A20E\U0002A291\U00009EBB\U00004D56\U00009EF9\U00009EFE\U00009F05\U00009F0F\U00009F16\U00009F3B\U0002A600"

// compositionKeys holds the pairs that form a primary composite, packed as
// the first code point shifted up by 21 with the second beneath, in order.
// compositionValues[i] is what compositionKeys[i] composes to.
var compositionKeys = [...]uint64{
	0x3C<<21 | 0x338,
	0x3D<<21 | 0x338,
	0x3E<<21 | 0x338,
	0x41<<21 | 0x300,
	0x41<<21 | 0x301,
	0x41<<21 | 0x302,
	0x41<<21 | 0x303,
	0x41<<21 | 0x304,
	0x41<<21 | 0x306,
	0x41<<21 | 0x307,
	0x41<<21 | 0x308,
	0x41<<21 | 0x309,
	0x41<<21 | 0x30A,
	0x41<<21 | 0x30C,
	0x41<<21 | 0x30F,
	0x41<<21 | 0x311,
	0x41<<21 | 0x323,
	0x41<<21 | 0x325,
	0x41<<21 | 0x328,
	0x42<<21 | 0x307,
	0x42<<21 | 0x323,
	0x42<<21 | 0x331,
	0x43<<21 | 0x301,
	0x43<<21 | 0x302,
	0x43<<21 | 0x307,
	0x43<<21 | 0x30C,
	0x43<<21 | 0x327,
	0x44<<21 | 0x307,
	0x44<<21 | 0x30C,
	0x44<<21 | 0x323,
	0x44<<21 | 0x327,
	0x44<<21 | 0x32D,
	0x44<<21 | 0x331,
	0x45<<21 | 0x300,
	0x45<<21 | 0x301,
	0x45<<21 | 0x302,
	0x45<<21 | 0x303,
	0x45<<21 | 0x304,
	0x45<<21 | 0x306,
	0x45<<21 | 0x307,
	0x45<<21 | 0x308,
	0x45<<21 | 0x309,
	0x45<<21 | 0x30C,
	0x45<<21 | 0x30F,
	0x45<<21 | 0x311,
	0x45<<21 | 0x323,
	0x45<<21 | 0x327,
	0x45<<21 | 0x328,
	0x45<<21 | 0x32D,
	0x45<<21 | 0x330,
	0x46<<21 | 0x307,
	0x47<<21 | 0x301,
	0x47<<21 | 0x302,
	0x47<<21 | 0x304,
	0x47<<21 | 0x306,
	0x47<<21 | 0x307,
	0x47<<21 | 0x30C,
	0x47<<21 | 0x327,
	0x48<<21 | 0x302,
	0x48<<21 | 0x307,
	0x48<<21 | 0x308,
	0x48<<21 | 0x30C,
	0x48<<21 | 0x323,
	0x48<<21 | 0x327,
	0x48<<21 | 0x32E,
	0x49<<21 | 0x300,
	0x49<<21 | 0x301,
	0x49<<21 | 0x302,
	0x49<<21 | 0x303,
	0x49<<21 | 0x304,
	0x49<<21 | 0x306,
	0x49<<21 | 0x307,
	0x49<<21 | 0x308,
	0x49<<21 | 0x309,
	0x49<<21 | 0x30C,
	0x49<<21 | 0x30F,
	0x49<<21 | 0x311,
	0x49<<21 | 0x323,
	0x49<<21 | 0x328,
	0x49<<21 | 0x330,
	0x4A<<21 | 0x302,
	0x4B<<21 | 0x301,
	0x4B<<21 | 0x30C,
	0x4B<<21 | 0x323,
	0x4B<<21 | 0x327,
	0x4B<<21 | 0x331,
	0x4C<<21 | 0x301,
	0x4C<<21 | 0x30C,
	0x4C<<21 | 0x323,
	0x4C<<21 | 0x327,
	0x4C<<21 | 0x32D,
	0x4C<<21 | 0x331,
	0x4D<<21 | 0x301,
	0x4D<<21 | 0x307,
	0x4D<<21 | 0x323,
	0x4E<<21 | 0x300,
	0x4E<<21 | 0x301,
	0x4E<<21 | 0x303,
	0x4E<<21 | 0x307,
	0x4E<<21 | 0x30C,
	0x4E<<21 | 0x323,
	0x4E<<21 | 0x327,
	0x4E<<21 | 0x32D,
	0x4E<<21 | 0x331,
	0x4F<<21 | 0x300,
	0x4F<<21 | 0x301,
	0x4F<<21 | 0x302,
	0x4F<<21 | 0x303,
	0x4F<<21 | 0x304,
	0x4F<<21 | 0x306,
	0x4F<<21 | 0x307,
	0x4F<<21 | 0x308,
	0x4F<<21 | 0x309,
	0x4F<<21 | 0x30B,
	0x4F<<21 | 0x30C,
	0x4F<<21 | 0x30F,
	0x4F<<21 | 0x311,
	0x4F<<21 | 0x31B,
	0x4F<<21 | 0x323,
	0x4F<<21 | 0x328,
	0x50<<21 | 0x301,
	0x50<<21 | 0x307,
	0x52<<21 | 0x301,
	0x52<<21 | 0x307,
	0x52<<21 | 0x30C,
	0x52<<21 | 0x30F,
	0x52<<21 | 0x311,
	0x52<<21 | 0x323,
	0x52<<21 | 0x327,
	0x52<<21 | 0x331,
	0x53<<21 | 0x301,
	0x53<<21 | 0x302,
	0x53<<21 | 0x307,
	0x53<<21 | 0x30C,
	0x53<<21 | 0x323,
	0x53<<21 | 0x326,
	0x53<<21 | 0x327,
	0x54<<21 | 0x307,
	0x54<<21 | 0x30C,
	0x54<<21 | 0x323,
	0x54<<21 | 0x326,
	0x54<<21 | 0x327,
	0x54<<21 | 0x32D,
	0x54<<21 | 0x331,
	0x55<<21 | 0x300,
	0x55<<21 | 0x301,
	0x55<<21 | 0x302,
	0x55<<21 | 0x303,
	0x55<<21 | 0x304,
	0x55<<21 | 0x306,
	0x55<<21 | 0x308,
	0x55<<21 | 0x309,
	0x55<<21 | 0x30A,
	0x55<<21 | 0x30B,
	0x55<<21 | 0x30C,
	0x55<<21 | 0x30F,
	0x55<<21 | 0x311,
	0x55<<21 | 0x31B,
	0x55<<21 | 0x323,
	0x55<<21 | 0x324,
	0x55<<21 | 0x328,
	0x55<<21 | 0x32D,
	0x55<<21 | 0x330,
	0x56<<21 | 0x303,
	0x56<<21 | 0x323,
	0x57<<21 | 0x300,
	0x57<<21 | 0x301,
	0x57<<21 | 0x302,
	0x57<<21 | 0x307,
	0x57<<21 | 0x308,
	0x57<<21 | 0x323,
	0x58<<21 | 0x307,
	0x58<<21 | 0x308,
	0x59<<21 | 0x300,
	0x59<<21 | 0x301,
	0x59<<21 | 0x302,
	0x59<<21 | 0x303,
	0x59<<21 | 0x304,
	0x59<<21 | 0x307,
	0x59<<21 | 0x308,
	0x59<<21 | 0x309,
	0x59<<21 | 0x323,
	0x5A<<21 | 0x301,
	0x5A<<21 | 0x302,
	0x5A<<21 | 0x307,
	0x5A<<21 | 0x30C,
	0x5A<<21 | 0x323,
	0x5A<<21 | 0x331,
	0x61<<21 | 0x300,
	0x61<<21 | 0x301,
	0x61<<21 | 0x302,
	0x61<<21 | 0x303,
	0x61<<21 | 0x304,
	0x61<<21 | 0x306,
	0x61<<21 | 0x307,
	0x61<<21 | 0x308,
	0x61<<21 | 0x309,
	0x61<<21 | 0x30A,
	0x61<<21 | 0x30C,
	0x61<<21 | 0x30F,
	0x61<<21 | 0x311,
	0x61<<21 | 0x323,
	0x61<<21 | 0x325,
	0x61<<21 | 0x328,
	0x62<<21 | 0x307,
	0x62<<21 | 0x323,
	0x62<<21 | 0x331,
	0x63<<21 | 0x301,
	0x63<<21 | 0x302,
	0x63<<21 | 0x307,
	0x63<<21 | 0x30C,
	0x63<<21 | 0x327,
	0x64<<21 | 0x307,
	0x64<<21 | 0x30C,
	0x64<<21 | 0x323,
	0x64<<21 | 0x327,
	0x64<<21 | 0x32D,
	0x64<<21 | 0x331,
	0x65<<21 | 0x300,
	0x65<<21 | 0x301,
	0x65<<21 | 0x302,
	0x65<<21 | 0x303,
	0x65<<21 | 0x304,
	0x65<<21 | 0x306,
	0x65<<21 | 0x307,
	0x65<<21 | 0x308,
	0x65<<21 | 0x309,
	0x65<<21 | 0x30C,
	0x65<<21 | 0x30F,
	0x65<<21 | 0x311,
	0x65<<21 | 0x323,
	0x65<<21 | 0x327,
	0x65<<21 | 0x328,
	0x65<<21 | 0x32D,
	0x65<<21 | 0x330,
	0x66<<21 | 0x307,
	0x67<<21 | 0x301,
	0x67<<21 | 0x302,
	0x67<<21 | 0x304,
	0x67<<21 | 0x306,
	0x67<<21 | 0x307,
	0x67<<21 | 0x30C,
	0x67<<21 | 0x327,
	0x68<<21 | 0x302,
	0x68<<21 | 0x307,
	0x68<<21 | 0x308,
	0x68<<21 | 0x30C,
	0x68<<21 | 0x323,
	0x68<<21 | 0x327,
	0x68<<21 | 0x32E,
	0x68<<21 | 0x331,
	0x69<<21 | 0x300,
	0x69<<21 | 0x301,
	0x69<<21 | 0x302,
	0x69<<21 | 0x303,
	0x69<<21 | 0x304,
	0x69<<21 | 0x306,
	0x69<<21 | 0x308,
	0x69<<21 | 0x309,
	0x69<<21 | 0x30C,
	0x69<<21 | 0x30F,
	0x69<<21 | 0x311,
	0x69<<21 | 0x323,
	0x69<<21 | 0x328,
	0x69<<21 | 0x330,
	0x6A<<21 | 0x302,
	0x6A<<21 | 0x30C,
	0x6B<<21 | 0x301,
	0x6B<<21 | 0x30C,
	0x6B<<21 | 0x323,
	0x6B<<21 | 0x327,
	0x6B<<21 | 0x331,
	0x6C<<21 | 0x301,
	0x6C<<21 | 0x30C,
	0x6C<<21 | 0x323,
	0x6C<<21 | 0x327,
	0x6C<<21 | 0x32D,
	0x6C<<21 | 0x331,
	0x6D<<21 | 0x301,
	0x6D<<21 | 0x307,
	0x6D<<21 | 0x323,
	0x6E<<21 | 0x300,
	0x6E<<21 | 0x301,
	0x6E<<21 | 0x303,
	0x6E<<21 | 0x307,
	0x6E<<21 | 0x30C,
	0x6E<<21 | 0x323,
	0x6E<<21 | 0x327,
	0x6E<<21 | 0x32D,
	0x6E<<21 | 0x331,
	0x6F<<21 | 0x300,
	0x6F<<21 | 0x301,
	0x6F<<21 | 0x302,
	0x6F<<21 | 0x303,
	0x6F<<21 | 0x304,
	0x6F<<21 | 0x306,
	0x6F<<21 | 0x307,
	0x6F<<21 | 0x308,
	0x6F<<21 | 0x309,
	0x6F<<21 | 0x30B,
	0x6F<<21 | 0x30C,
	0x6F<<21 | 0x30F,
	0x6F<<21 | 0x311,
	0x6F<<21 | 0x31B,
	0x6F<<21 | 0x323,
	0x6F<<21 | 0x328,
	0x70<<21 | 0x301,
	0x70<<21 | 0x307,
	0x72<<21 | 0x301,
	0x72<<21 | 0x307,
	0x72<<21 | 0x30C,
	0x72<<21 | 0x30F,
	0x72<<21 | 0x311,
	0x72<<21 | 0x323,
	0x72<<21 | 0x327,
	0x72<<21 | 0x331,
	0x73<<21 | 0x301,
	0x73<<21 | 0x302,
	0x73<<21 | 0x307,
	0x73<<21 | 0x30C,
	0x73<<21 | 0x323,
	0x73<<21 | 0x326,
	0x73<<21 | 0x327,
	0x74<<21 | 0x307,
	0x74<<21 | 0x308,
	0x74<<21 | 0x30C,
	0x74<<21 | 0x323,
	0x74<<21 | 0x326,
	0x74<<21 | 0x327,
	0x74<<21 | 0x32D,
	0x74<<21 | 0x331,
	0x75<<21 | 0x300,
	0x75<<21 | 0x301,
	0x75<<21 | 0x302,
	0x75<<21 | 0x303,
	0x75<<21 | 0x304,
	0x75<<21 | 0x306,
	0x75<<21 | 0x308,
	0x75<<21 | 0x309,
	0x75<<21 | 0x30A,
	0x75<<21 | 0x30B,
	0x75<<21 | 0x30C,
	0x75<<21 | 0x30F,
	0x75<<21 | 0x311,
	0x75<<21 | 0x31B,
	0x75<<21 | 0x323,
	0x75<<21 | 0x324,
	0x75<<21 | 0x328,
	0x75<<21 | 0x32D,
	0x75<<21 | 0x330,
	0x76<<21 | 0x303,
	0x76<<21 | 0x323,
	0x77<<21 | 0x300,
	0x77<<21 | 0x301,
	0x77<<21 | 0x302,
	0x77<<21 | 0x307,
	0x77<<21 | 0x308,
	0x77<<21 | 0x30A,
	0x77<<21 | 0x323,
	0x78<<21 | 0x307,
	0x78<<21 | 0x308,
	0x79<<21 | 0x300,
	0x79<<21 | 0x301,
	0x79<<21 | 0x302,
	0x79<<21 | 0x303,
	0x79<<21 | 0x304,
	0x79<<21 | 0x307,
	0x79<<21 | 0x308,
	0x79<<21 | 0x309,
	0x79<<21 | 0x30A,
	0x79<<21 | 0x323,
	0x7A<<21 | 0x301,
	0x7A<<21 | 0x302,
	0x7A<<21 | 0x307,
	0x7A<<21 | 0x30C,
	0x7A<<21 | 0x323,
	0x7A<<21 | 0x331,
	0xA8<<21 | 0x300,
	0xA8<<21 | 0x301,
	0xA8<<21 | 0x342,
	0xC2<<21 | 0x300,
	0xC2<<21 | 0x301,
	0xC2<<21 | 0x303,
	0xC2<<21 | 0x309,
	0xC4<<21 | 0x304,
	0xC5<<21 | 0x301,
	0xC6<<21 | 0x301,
	0xC6<<21 | 0x304,
	0xC7<<21 | 0x301,
	0xCA<<21 | 0x300,
	0xCA<<21 | 0x301,
	0xCA<<21 | 0x303,
	0xCA<<21 | 0x309,
	0xCF<<21 | 0x301,
	0xD4<<21 | 0x300,
	0xD4<<21 | 0x301,
	0xD4<<21 | 0x303,
	0xD4<<21 | 0x309,
	0xD5<<21 | 0x301,
	0xD5<<21 | 0x304,
	0xD5<<21 | 0x308,
	0xD6<<21 | 0x304,
	0xD8<<21 | 0x301,
	0xDC<<21 | 0x300,
	0xDC<<21 | 0x301,
	0xDC<<21 | 0x304,
	0xDC<<21 | 0x30C,
	0xE2<<21 | 0x300,
	0xE2<<21 | 0x301,
	0xE2<<21 | 0x303,
	0xE2<<21 | 0x309,
	0xE4<<21 | 0x304,
	0xE5<<21 | 0x301,
	0xE6<<21 | 0x301,
	0xE6<<21 | 0x304,
	0xE7<<21 | 0x301,
	0xEA<<21 | 0x300,
	0xEA<<21 | 0x301,
	0xEA<<21 | 0x303,
	0xEA<<21 | 0x309,
	0xEF<<21 | 0x301,
	0xF4<<21 | 0x300,
	0xF4<<21 | 0x301,
	0xF4<<21 | 0x303,
	0xF4<<21 | 0x309,
	0xF5<<21 | 0x301,
	0xF5<<21 | 0x304,
	0xF5<<21 | 0x308,
	0xF6<<21 | 0x304,
	0xF8<<21 | 0x301,
	0xFC<<21 | 0x300,
	0xFC<<21 | 0x301,
	0xFC<<21 | 0x304,
	0xFC<<21 | 0x30C,
	0x102<<21 | 0x300,
	0x102<<21 | 0x301,
	0x102<<21 | 0x303,
	0x102<<21 | 0x309,
	0x103<<21 | 0x300,
	0x103<<21 | 0x301,
	0x103<<21 | 0x303,
	0x103<<21 | 0x309,
	0x112<<21 | 0x300,
	0x112<<21 | 0x301,
	0x113<<21 | 0x300,
	0x113<<21 | 0x301,
	0x14C<<21 | 0x300,
	0x14C<<21 | 0x301,
	0x14D<<21 | 0x300,
	0x14D<<21 | 0x301,
	0x15A<<21 | 0x307,
	0x15B<<21 | 0x307,
	0x160<<21 | 0x307,
	0x161<<21 | 0x307,
	0x168<<21 | 0x301,
	0x169<<21 | 0x301,
	0x16A<<21 | 0x308,
	0x16B<<21 | 0x308,
	0x17F<<21 | 0x307,
	0x1A0<<21 | 0x300,
	0x1A0<<21 | 0x301,
	0x1A0<<21 | 0x303,
	0x1A0<<21 | 0x309,
	0x1A0<<21 | 0x323,
	0x1A1<<21 | 0x300,
	0x1A1<<21 | 0x301,
	0x1A1<<21 | 0x303,
	0x1A1<<21 | 0x309,
	0x1A1<<21 | 0x323,
	0x1AF<<21 | 0x300,
	0x1AF<<21 | 0x301,
	0x1AF<<21 | 0x303,
	0x1AF<<21 | 0x309,
	0x1AF<<21 | 0x323,
	0x1B0<<21 | 0x300,
	0x1B0<<21 | 0x301,
	0x1B0<<21 | 0x303,
	0x1B0<<21 | 0x309,
	0x1B0<<21 | 0x323,
	0x1B7<<21 | 0x30C,
	0x1EA<<21 | 0x304,
	0x1EB<<21 | 0x304,
	0x226<<21 | 0x304,
	0x227<<21 | 0x304,
	0x228<<21 | 0x306,
	0x229<<21 | 0x306,
	0x22E<<21 | 0x304,
	0x22F<<21 | 0x304,
	0x292<<21 | 0x30C,
	0x391<<21 | 0x300,
	0x391<<21 | 0x301,
	0x391<<21 | 0x304,
	0x391<<21 | 0x306,
	0x391<<21 | 0x313,
	0x391<<21 | 0x314,
	0x391<<21 | 0x345,
	0x395<<21 | 0x300,
	0x395<<21 | 0x301,
	0x395<<21 | 0x313,
	0x395<<21 | 0x314,
	0x397<<21 | 0x300,
	0x397<<21 | 0x301,
	0x397<<21 | 0x313,
	0x397<<21 | 0x314,
	0x397<<21 | 0x345,
	0x399<<21 | 0x300,
	0x399<<21 | 0x301,
	0x399<<21 | 0x304,
	0x399<<21 | 0x306,
	0x399<<21 | 0x308,
	0x399<<21 | 0x313,
	0x399<<21 | 0x314,
	0x39F<<21 | 0x300,
	0x39F<<21 | 0x301,
	0x39F<<21 | 0x313,
	0x39F<<21 | 0x314,
	0x3A1<<21 | 0x314,
	0x3A5<<21 | 0x300,
	0x3A5<<21 | 0x301,
	0x3A5<<21 | 0x304,
	0x3A5<<21 | 0x306,
	0x3A5<<21 | 0x308,
	0x3A5<<21 | 0x314,
	0x3A9<<21 | 0x300,
	0x3A9<<21 | 0x301,
	0x3A9<<21 | 0x313,
	0x3A9<<21 | 0x314,
	0x3A9<<21 | 0x345,
	0x3AC<<21 | 0x345,
	0x3AE<<21 | 0x345,
	0x3B1<<21 | 0x300,
	0x3B1<<21 | 0x301,
	0x3B1<<21 | 0x304,
	0x3B1<<21 | 0x306,
	0x3B1<<21 | 0x313,
	0x3B1<<21 | 0x314,
	0x3B1<<21 | 0x342,
	0x3B1<<21 | 0x345,
	0x3B5<<21 | 0x300,
	0x3B5<<21 | 0x301,
	0x3B5<<21 | 0x313,
	0x3B5<<21 | 0x314,
	0x3B7<<21 | 0x300,
	0x3B7<<21 | 0x301,
	0x3B7<<21 | 0x313,
	0x3B7<<21 | 0x314,
	0x3B7<<21 | 0x342,
	0x3B7<<21 | 0x345,
	0x3B9<<21 | 0x300,
	0x3B9<<21 | 0x301,
	0x3B9<<21 | 0x304,
	0x3B9<<21 | 0x306,
	0x3B9<<21 | 0x308,
	0x3B9<<21 | 0x313,
	0x3B9<<21 | 0x314,
	0x3B9<<21 | 0x342,
	0x3BF<<21 | 0x300,
	0x3BF<<21 | 0x301,
	0x3BF<<21 | 0x313,
	0x3BF<<21 | 0x314,
	0x3C1<<21 | 0x313,
	0x3C1<<21 | 0x314,
	0x3C5<<21 | 0x300,
	0x3C5<<21 | 0x301,
	0x3C5<<21 | 0x304,
	0x3C5<<21 | 0x306,
	0x3C5<<21 | 0x308,
	0x3C5<<21 | 0x313,
	0x3C5<<21 | 0x314,
	0x3C5<<21 | 0x342,
	0x3C9<<21 | 0x300,
	0x3C9<<21 | 0x301,
	0x3C9<<21 | 0x313,
	0x3C9<<21 | 0x314,
	0x3C9<<21 | 0x342,
	0x3C9<<21 | 0x345,
	0x3CA<<21 | 0x300,
	0x3CA<<21 | 0x301,
	0x3CA<<21 | 0x342,
	0x3CB<<21 | 0x300,
	0x3CB<<21 | 0x301,
	0x3CB<<21 | 0x342,
	0x3CE<<21 | 0x345,
	0x3D2<<21 | 0x301,
	0x3D2<<21 | 0x308,
	0x406<<21 | 0x308,
	0x410<<21 | 0x306,
	0x410<<21 | 0x308,
	0x413<<21 | 0x301,
	0x415<<21 | 0x300,
	0x415<<21 | 0x306,
	0x415<<21 | 0x308,
	0x416<<21 | 0x306,
	0x416<<21 | 0x308,
	0x417<<21 | 0x308,
	0x418<<21 | 0x300,
	0x418<<21 | 0x304,
	0x418<<21 | 0x306,
	0x418<<21 | 0x308,
	0x41A<<21 | 0x301,
	0x41E<<21 | 0x308,
	0x423<<21 | 0x304,
	0x423<<21 | 0x306,
	0x423<<21 | 0x308,
	0x423<<21 | 0x30B,
	0x427<<21 | 0x308,
	0x42B<<21 | 0x308,
	0x42D<<21 | 0x308,
	0x430<<21 | 0x306,
	0x430<<21 | 0x308,
	0x433<<21 | 0x301,
	0x435<<21 | 0x300,
	0x435<<21 | 0x306,
	0x435<<21 | 0x308,
	0x436<<21 | 0x306,
	0x436<<21 | 0x308,
	0x437<<21 | 0x308,
	0x438<<21 | 0x300,
	0x438<<21 | 0x304,
	0x438<<21 | 0x306,
	0x438<<21 | 0x308,
	0x43A<<21 | 0x301,
	0x43E<<21 | 0x308,
	0x443<<21 | 0x304,
	0x443<<21 | 0x306,
	0x443<<21 | 0x308,
	0x443<<21 | 0x30B,
	0x447<<21 | 0x308,
	0x44B<<21 | 0x308,
	0x44D<<21 | 0x308,
	0x456<<21 | 0x308,
	0x474<<21 | 0x30F,
	0x475<<21 | 0x30F,
	0x4D8<<21 | 0x308,
	0x4D9<<21 | 0x308,
	0x4E8<<21 | 0x308,
	0x4E9<<21 | 0x308,
	0x627<<21 | 0x653,
	0x627<<21 | 0x654,
	0x627<<21 | 0x655,
	0x648<<21 | 0x654,
	0x64A<<21 | 0x654,
	0x6C1<<21 | 0x654,
	0x6D2<<21 | 0x654,
	0x6D5<<21 | 0x654,
	0x928<<21 | 0x93C,
	0x930<<21 | 0x93C,
	0x933<<21 | 0x93C,
	0x9C7<<21 | 0x9BE,
	0x9C7<<21 | 0x9D7,
	0xB47<<21 | 0xB3E,
	0xB47<<21 | 0xB56,
	0xB47<<21 | 0xB57,
	0xB92<<21 | 0xBD7,
	0xBC6<<21 | 0xBBE,
	0xBC6<<21 | 0xBD7,
	0xBC7<<21 | 0xBBE,
	0xC46<<21 | 0xC56,
	0xCBF<<21 | 0xCD5,
	0xCC6<<21 | 0xCC2,
	0xCC6<<21 | 0xCD5,
	0xCC6<<21 | 0xCD6,
	0xCCA<<21 | 0xCD5,
	0xD46<<21 | 0xD3E,
	0xD46<<21 | 0xD57,
	0xD47<<21 | 0xD3E,
	0xDD9<<21 | 0xDCA,
	0xDD9<<21 | 0xDCF,
	0xDD9<<21 | 0xDDF,
	0xDDC<<21 | 0xDCA,
	0x1025<<21 | 0x102E,
	0x1B05<<21 | 0x1B35,
	0x1B07<<21 | 0x1B35,
	0x1B09<<21 | 0x1B35,
	0x1B0B<<21 | 0x1B35,
	0x1B0D<<21 | 0x1B35,
	0x1B11<<21 | 0x1B35,
	0x1B3A<<21 | 0x1B35,
	0x1B3C<<21 | 0x1B35,
	0x1B3E<<21 | 0x1B35,
	0x1B3F<<21 | 0x1B35,
	0x1B42<<21 | 0x1B35,
	0x1E36<<21 | 0x304,
	0x1E37<<21 | 0x304,
	0x1E5A<<21 | 0x304,
	0x1E5B<<21 | 0x304,
	0x1E62<<21 | 0x307,
	0x1E63<<21 | 0x307,
	0x1EA0<<21 | 0x302,
	0x1EA0<<21 | 0x306,
	0x1EA1<<21 | 0x302,
	0x1EA1<<21 | 0x306,
	0x1EB8<<21 | 0x302,
	0x1EB9<<21 | 0x302,
	0x1ECC<<21 | 0x302,
	0x1ECD<<21 | 0x302,
	0x1F00<<21 | 0x300,
	0x1F00<<21 | 0x301,
	0x1F00<<21 | 0x342,
	0x1F00<<21 | 0x345,
	0x1F01<<21 | 0x300,
	0x1F01<<21 | 0x301,
	0x1F01<<21 | 0x342,
	0x1F01<<21 | 0x345,
	0x1F02<<21 | 0x345,
	0x1F03<<21 | 0x345,
	0x1F04<<21 | 0x345,
	0x1F05<<21 | 0x345,
	0x1F06<<21 | 0x345,
	0x1F07<<21 | 0x345,
	0x1F08<<21 | 0x300,
	0x1F08<<21 | 0x301,
	0x1F08<<21 | 0x342,
	0x1F08<<21 | 0x345,
	0x1F09<<21 | 0x300,
	0x1F09<<21 | 0x301,
	0x1F09<<21 | 0x342,
	0x1F09<<21 | 0x345,
	0x1F0A<<21 | 0x345,
	0x1F0B<<21 | 0x345,
	0x1F0C<<21 | 0x345,
	0x1F0D<<21 | 0x345,
	0x1F0E<<21 | 0x345,
	0x1F0F<<21 | 0x345,
	0x1F10<<21 | 0x300,
	0x1F10<<21 | 0x301,
	0x1F11<<21 | 0x300,
	0x1F11<<21 | 0x301,
	0x1F18<<21 | 0x300,
	0x1F18<<21 | 0x301,
	0x1F19<<21 | 0x300,
	0x1F19<<21 | 0x301,
	0x1F20<<21 | 0x300,
	0x1F20<<21 | 0x301,
	0x1F20<<21 | 0x342,
	0x1F20<<21 | 0x345,
	0x1F21<<21 | 0x300,
	0x1F21<<21 | 0x301,
	0x1F21<<21 | 0x342,
	0x1F21<<21 | 0x345,
	0x1F22<<21 | 0x345,
	0x1F23<<21 | 0x345,
	0x1F24<<21 | 0x345,
	0x1F25<<21 | 0x345,
	0x1F26<<21 | 0x345,
	0x1F27<<21 | 0x345,
	0x1F28<<21 | 0x300,
	0x1F28<<21 | 0x301,
	0x1F28<<21 | 0x342,
	0x1F28<<21 | 0x345,
	0x1F29<<21 | 0x300,
	0x1F29<<21 | 0x301,
	0x1F29<<21 | 0x342,
	0x1F29<<21 | 0x345,
	0x1F2A<<21 | 0x345,
	0x1F2B<<21 | 0x345,
	0x1F2C<<21 | 0x345,
	0x1F2D<<21 | 0x345,
	0x1F2E<<21 | 0x345,
	0x1F2F<<21 | 0x345,
	0x1F30<<21 | 0x300,
	0x1F30<<21 | 0x301,
	0x1F30<<21 | 0x342,
	0x1F31<<21 | 0x300,
	0x1F31<<21 | 0x301,
	0x1F31<<21 | 0x342,
	0x1F38<<21 | 0x300,
	0x1F38<<21 | 0x301,
	0x1F38<<21 | 0x342,
	0x1F39<<21 | 0x300,
	0x1F39<<21 | 0x301,
	0x1F39<<21 | 0x342,
	0x1F40<<21 | 0x300,
	0x1F40<<21 | 0x301,
	0x1F41<<21 | 0x300,
	0x1F41<<21 | 0x301,
	0x1F48<<21 | 0x300,
	0x1F48<<21 | 0x301,
	0x1F49<<21 | 0x300,
	0x1F49<<21 | 0x301,
	0x1F50<<21 | 0x300,
	0x1F50<<21 | 0x301,
	0x1F50<<21 | 0x342,
	0x1F51<<21 | 0x300,
	0x1F51<<21 | 0x301,
	0x1F51<<21 | 0x342,
	0x1F59<<21 | 0x300,
	0x1F59<<21 | 0x301,
	0x1F59<<21 | 0x342,
	0x1F60<<21 | 0x300,
	0x1F60<<21 | 0x301,
	0x1F60<<21 | 0x342,
	0x1F60<<21 | 0x345,
	0x1F61<<21 | 0x300,
	0x1F61<<21 | 0x301,
	0x1F61<<21 | 0x342,
	0x1F61<<21 | 0x345,
	0x1F62<<21 | 0x345,
	0x1F63<<21 | 0x345,
	0x1F64<<21 | 0x345,
	0x1F65<<21 | 0x345,
	0x1F66<<21 | 0x345,
	0x1F67<<21 | 0x345,
	0x1F68<<21 | 0x300,
	0x1F68<<21 | 0x301,
	0x1F68<<21 | 0x342,
	0x1F68<<21 | 0x345,
	0x1F69<<21 | 0x300,
	0x1F69<<21 | 0x301,
	0x1F69<<21 | 0x342,
	0x1F69<<21 | 0x345,
	0x1F6A<<21 | 0x345,
	0x1F6B<<21 | 0x345,
	0x1F6C<<21 | 0x345,
	0x1F6D<<21 | 0x345,
	0x1F6E<<21 | 0x345,
	0x1F6F<<21 | 0x345,
	0x1F70<<21 | 0x345,
	0x1F74<<21 | 0x345,
	0x1F7C<<21 | 0x345,
	0x1FB6<<21 | 0x345,
	0x1FBF<<21 | 0x300,
	0x1FBF<<21 | 0x301,
	0x1FBF<<21 | 0x342,
	0x1FC6<<21 | 0x345,
	0x1FF6<<21 | 0x345,
	0x1FFE<<21 | 0x300,
	0x1FFE<<21 | 0x301,
	0x1FFE<<21 | 0x342,
	0x2190<<21 | 0x338,
	0x2192<<21 | 0x338,
	0x2194<<21 | 0x338,
	0x21D0<<21 | 0x338,
	0x21D2<<21 | 0x338,
	0x21D4<<21 | 0x338,
	0x2203<<21 | 0x338,
	0x2208<<21 | 0x338,
	0x220B<<21 | 0x338,
	0x2223<<21 | 0x338,
	0x2225<<21 | 0x338,
	0x223C<<21 | 0x338,
	0x2243<<21 | 0x338,
	0x2245<<21 | 0x338,
	0x2248<<21 | 0x338,
	0x224D<<21 | 0x338,
	0x2261<<21 | 0x338,
	0x2264<<21 | 0x338,
	0x2265<<21 | 0x338,
	0x2272<<21 | 0x338,
	0x2273<<21 | 0x338,
	0x2276<<21 | 0x338,
	0x2277<<21 | 0x338,
	0x227A<<21 | 0x338,
	0x227B<<21 | 0x338,
	0x227C<<21 | 0x338,
	0x227D<<21 | 0x338,
	0x2282<<21 | 0x338,
	0x2283<<21 | 0x338,
	0x2286<<21 | 0x338,
	0x2287<<21 | 0x338,
	0x2291<<21 | 0x338,
	0x2292<<21 | 0x338,
	0x22A2<<21 | 0x338,
	0x22A8<<21 | 0x338,
	0x22A9<<21 | 0x338,
	0x22AB<<21 | 0x338,
	0x22B2<<21 | 0x338,
	0x22B3<<21 | 0x338,
	0x22B4<<21 | 0x338,
	0x22B5<<21 | 0x338,
	0x3046<<21 | 0x3099,
	0x304B<<21 | 0x3099,
	0x304D<<21 | 0x3099,
	0x304F<<21 | 0x3099,
	0x3051<<21 | 0x3099,
	0x3053<<21 | 0x3099,
	0x3055<<21 | 0x3099,
	0x3057<<21 | 0x3099,
	0x3059<<21 | 0x3099,
	0x305B<<21 | 0x3099,
	0x305D<<21 | 0x3099,
	0x305F<<21 | 0x3099,
	0x3061<<21 | 0x3099,
	0x3064<<21 | 0x3099,
	0x3066<<21 | 0x3099,
	0x3068<<21 | 0x3099,
	0x306F<<21 | 0x3099,
	0x306F<<21 | 0x309A,
	0x3072<<21 | 0x3099,
	0x3072<<21 | 0x309A,
	0x3075<<21 | 0x3099,
	0x3075<<21 | 0x309A,
	0x3078<<21 | 0x3099,
	0x3078<<21 | 0x309A,
	0x307B<<21 | 0x3099,
	0x307B<<21 | 0x309A,
	0x309D<<21 | 0x3099,
	0x30A6<<21 | 0x3099,
	0x30AB<<21 | 0x3099,
	0x30AD<<21 | 0x3099,
	0x30AF<<21 | 0x3099,
	0x30B1<<21 | 0x3099,
	0x30B3<<21 | 0x3099,
	0x30B5<<21 | 0x3099,
	0x30B7<<21 | 0x3099,
	0x30B9<<21 | 0x3099,
	0x30BB<<21 | 0x3099,
	0x30BD<<21 | 0x3099,
	0x30BF<<21 | 0x3099,
	0x30C1<<21 | 0x3099,
	0x30C4<<21 | 0x3099,
	0x30C6<<21 | 0x3099,
	0x30C8<<21 | 0x3099,
	0x30CF<<21 | 0x3099,
	0x30CF<<21 | 0x309A,
	0x30D2<<21 | 0x3099,
	0x30D2<<21 | 0x309A,
	0x30D5<<21 | 0x3099,
	0x30D5<<21 | 0x309A,
	0x30D8<<21 | 0x3099,
	0x30D8<<21 | 0x309A,
	0x30DB<<21 | 0x3099,
	0x30DB<<21 | 0x309A,
	0x30EF<<21 | 0x3099,
	0x30F0<<21 | 0x3099,
	0x30F1<<21 | 0x3099,
	0x30F2<<21 | 0x3099,
	0x30FD<<21 | 0x3099,
	0x11099<<21 | 0x110BA,
	0x1109B<<21 | 0x110BA,
	0x110A5<<21 | 0x110BA,
	0x11131<<21 | 0x11127,
	0x11132<<21 | 0x11127,
	0x11347<<21 | 0x1133E,
	0x11347<<21 | 0x11357,
	0x114B9<<21 | 0x114B0,
	0x114B9<<21 | 0x114BA,
	0x114B9<<21 | 0x114BD,
	0x115B8<<21 | 0x115AF,
	0x115B9<<21 | 0x115AF,
	0x11935<<21 | 0x11930,
}

var compositionValues = [...]rune{
	0x226E,
	0x2260,
	0x226F,
	0xC0,
	0xC1,
	0xC2,
	0xC3,
	0x100,
	0x102,
	0x226,
	0xC4,
	0x1EA2,
	0xC5,
	0x1CD,
	0x200,
	0x202,
	0x1EA0,
	0x1E00,
	0x104,
	0x1E02,
	0x1E04,
	0x1E06,
	0x106,
	0x108,
	0x10A,
	0x10C,
	0xC7,
	0x1E0A,
	0x10E,
	0x1E0C,
	0x1E10,
	0x1E12,
	0x1E0E,
	0xC8,
	0xC9,
	0xCA,
	0x1EBC,
	0x112,
	0x114,
	0x116,
	0xCB,
	0x1EBA,
	0x11A,
	0x204,
	0x206,
	0x1EB8,
	0x228,
	0x118,
	0x1E18,
	0x1E1A,
	0x1E1E,
	0x1F4,
	0x11C,
	0x1E20,
	0x11E,
	0x120,
	0x1E6,
	0x122,
	0x124,
	0x1E22,
	0x1E26,
	0x21E,
	0x1E24,
	0x1E28,
	0x1E2A,
	0xCC,
	0xCD,
	0xCE,
	0x128,
	0x12A,
	0x12C,
	0x130,
	0xCF,
	0x1EC8,
	0x1CF,
	0x208,
	0x20A,
	0x1ECA,
	0x12E,
	0x1E2C,
	0x134,
	0x1E30,
	0x1E8,
	0x1E32,
	0x136,
	0x1E34,
	0x139,
	0x13D,
	0x1E36,
	0x13B,
	0x1E3C,
	0x1E3A,
	0x1E3E,
	0x1E40,
	0x1E42,
	0x1F8,
	0x143,
	0xD1,
	0x1E44,
	0x147,
	0x1E46,
	0x145,
	0x1E4A,
	0x1E48,
	0xD2,
	0xD3,
	0xD4,
	0xD5,
	0x14C,
	0x14E,
	0x22E,
	0xD6,
	0x1ECE,
	0x150,
	0x1D1,
	0x20C,
	0x20E,
	0x1A0,
	0x1ECC,
	0x1EA,
	0x1E54,
	0x1E56,
	0x154,
	0x1E58,
	0x158,
	0x210,
	0x212,
	0x1E5A,
	0x156,
	0x1E5E,
	0x15A,
	0x15C,
	0x1E60,
	0x160,
	0x1E62,
	0x218,
	0x15E,
	0x1E6A,
	0x164,
	0x1E6C,
	0x21A,
	0x162,
	0x1E70,
	0x1E6E,
	0xD9,
	0xDA,
	0xDB,
	0x168,
	0x16A,
	0x16C,
	0xDC,
	0x1EE6,
	0x16E,
	0x170,
	0x1D3,
	0x214,
	0x216,
	0x1AF,
	0x1EE4,
	0x1E72,
	0x172,
	0x1E76,
	0x1E74,
	0x1E7C,
	0x1E7E,
	0x1E80,
	0x1E82,
	0x174,
	0x1E86,
	0x1E84,
	0x1E88,
	0x1E8A,
	0x1E8C,
	0x1EF2,
	0xDD,
	0x176,
	0x1EF8,
	0x232,
	0x1E8E,
	0x178,
	0x1EF6,
	0x1EF4,
	0x179,
	0x1E90,
	0x17B,
	0x17D,
	0x1E92,
	0x1E94,
	0xE0,
	0xE1,
	0xE2,
	0xE3,
	0x101,
	0x103,
	0x227,
	0xE4,
	0x1EA3,
	0xE5,
	0x1CE,
	0x201,
	0x203,
	0x1EA1,
	0x1E01,
	0x105,
	0x1E03,
	0x1E05,
	0x1E07,
	0x107,
	0x109,
	0x10B,
	0x10D,
	0xE7,
	0x1E0B,
	0x10F,
	0x1E0D,
	0x1E11,
	0x1E13,
	0x1E0F,
	0xE8,
	0xE9,
	0xEA,
	0x1EBD,
	0x113,
	0x115,
	0x117,
	0xEB,
	0x1EBB,
	0x11B,
	0x205,
	0x207,
	0x1EB9,
	0x229,
	0x119,
	0x1E19,
	0x1E1B,
	0x1E1F,
	0x1F5,
	0x11D,
	0x1E21,
	0x11F,
	0x121,
	0x1E7,
	0x123,
	0x125,
	0x1E23,
	0x1E27,
	0x21F,
	0x1E25,
	0x1E29,
	0x1E2B,
	0x1E96,
	0xEC,
	0xED,
	0xEE,
	0x129,
	0x12B,
	0x12D,
	0xEF,
	0x1EC9,
	0x1D0,
	0x209,
	0x20B,
	0x1ECB,
	0x12F,
	0x1E2D,
	0x135,
	0x1F0,
	0x1E31,
	0x1E9,
	0x1E33,
	0x137,
	0x1E35,
	0x13A,
	0x13E,
	0x1E37,
	0x13C,
	0x1E3D,
	0x1E3B,
	0x1E3F,
	0x1E41,
	0x1E43,
	0x1F9,
	0x144,
	0xF1,
	0x1E45,
	0x148,
	0x1E47,
	0x146,
	0x1E4B,
	0x1E49,
	0xF2,
	0xF3,
	0xF4,
	0xF5,
	0x14D,
	0x14F,
	0x22F,
	0xF6,
	0x1ECF,
	0x151,
	0x1D2,
	0x20D,
	0x20F,
	0x1A1,
	0x1ECD,
	0x1EB,
	0x1E55,
	0x1E57,
	0x155,
	0x1E59,
	0x159,
	0x211,
	0x213,
	0x1E5B,
	0x157,
	0x1E5F,
	0x15B,
	0x15D,
	0x1E61,
	0x161,
	0x1E63,
	0x219,
	0x15F,
	0x1E6B,
	0x1E97,
	0x165,
	0x1E6D,
	0x21B,
	0x163,
	0x1E71,
	0x1E6F,
	0xF9,
	0xFA,
	0xFB,
	0x169,
	0x16B,
	0x16D,
	0xFC,
	0x1EE7,
	0x16F,
	0x171,
	0x1D4,
	0x215,
	0x217,
	0x1B0,
	0x1EE5,
	0x1E73,
	0x173,
	0x1E77,
	0x1E75,
	0x1E7D,
	0x1E7F,
	0x1E81,
	0x1E83,
	0x175,
	0x1E87,
	0x1E85,
	0x1E98,
	0x1E89,
	0x1E8B,
	0x1E8D,
	0x1EF3,
	0xFD,
	0x177,
	0x1EF9,
	0x233,
	0x1E8F,
	0xFF,
	0x1EF7,
	0x1E99,
	0x1EF5,
	0x17A,
	0x1E91,
	0x17C,
	0x17E,
	0x1E93,
	0x1E95,
	0x1FED,
	0x385,
	0x1FC1,
	0x1EA6,
	0x1EA4,
	0x1EAA,
	0x1EA8,
	0x1DE,
	0x1FA,
	0x1FC,
	0x1E2,
	0x1E08,
	0x1EC0,
	0x1EBE,
	0x1EC4,
	0x1EC2,
	0x1E2E,
	0x1ED2,
	0x1ED0,
	0x1ED6,
	0x1ED4,
	0x1E4C,
	0x22C,
	0x1E4E,
	0x22A,
	0x1FE,
	0x1DB,
	0x1D7,
	0x1D5,
	0x1D9,
	0x1EA7,
	0x1EA5,
	0x1EAB,
	0x1EA9,
	0x1DF,
	0x1FB,
	0x1FD,
	0x1E3,
	0x1E09,
	0x1EC1,
	0x1EBF,
	0x1EC5,
	0x1EC3,
	0x1E2F,
	0x1ED3,
	0x1ED1,
	0x1ED7,
	0x1ED5,
	0x1E4D,
	0x22D,
	0x1E4F,
	0x22B,
	0x1FF,
	0x1DC,
	0x1D8,
	0x1D6,
	0x1DA,
	0x1EB0,
	0x1EAE,
	0x1EB4,
	0x1EB2,
	0x1EB1,
	0x1EAF,
	0x1EB5,
	0x1EB3,
	0x1E14,
	0x1E16,
	0x1E15,
	0x1E17,
	0x1E50,
	0x1E52,
	0x1E51,
	0x1E53,
	0x1E64,
	0x1E65,
	0x1E66,
	0x1E67,
	0x1E78,
	0x1E79,
	0x1E7A,
	0x1E7B,
	0x1E9B,
	0x1EDC,
	0x1EDA,
	0x1EE0,
	0x1EDE,
	0x1EE2,
	0x1EDD,
	0x1EDB,
	0x1EE1,
	0x1EDF,
	0x1EE3,
	0x1EEA,
	0x1EE8,
	0x1EEE,
	0x1EEC,
	0x1EF0,
	0x1EEB,
	0x1EE9,
	0x1EEF,
	0x1EED,
	0x1EF1,
	0x1EE,
	0x1EC,
	0x1ED,
	0x1E0,
	0x1E1,
	0x1E1C,
	0x1E1D,
	0x230,
	0x231,
	0x1EF,
	0x1FBA,
	0x386,
	0x1FB9,
	0x1FB8,
	0x1F08,
	0x1F09,
	0x1FBC,
	0x1FC8,
	0x388,
	0x1F18,
	0x1F19,
	0x1FCA,
	0x389,
	0x1F28,
	0x1F29,
	0x1FCC,
	0x1FDA,
	0x38A,
	0x1FD9,
	0x1FD8,
	0x3AA,
	0x1F38,
	0x1F39,
	0x1FF8,
	0x38C,
	0x1F48,
	0x1F49,
	0x1FEC,
	0x1FEA,
	0x38E,
	0x1FE9,
	0x1FE8,
	0x3AB,
	0x1F59,
	0x1FFA,
	0x38F,
	0x1F68,
	0x1F69,
	0x1FFC,
	0x1FB4,
	0x1FC4,
	0x1F70,
	0x3AC,
	0x1FB1,
	0x1FB0,
	0x1F00,
	0x1F01,
	0x1FB6,
	0x1FB3,
	0x1F72,
	0x3AD,
	0x1F10,
	0x1F11,
	0x1F74,
	0x3AE,
	0x1F20,
	0x1F21,
	0x1FC6,
	0x1FC3,
	0x1F76,
	0x3AF,
	0x1FD1,
	0x1FD0,
	0x3CA,
	0x1F30,
	0x1F31,
	0x1FD6,
	0x1F78,
	0x3CC,
	0x1F40,
	0x1F41,
	0x1FE4,
	0x1FE5,
	0x1F7A,
	0x3CD,
	0x1FE1,
	0x1FE0,
	0x3CB,
	0x1F50,
	0x1F51,
	0x1FE6,
	0x1F7C,
	0x3CE,
	0x1F60,
	0x1F61,
	0x1FF6,
	0x1FF3,
	0x1FD2,
	0x390,
	0x1FD7,
	0x1FE2,
	0x3B0,
	0x1FE7,
	0x1FF4,
	0x3D3,
	0x3D4,
	0x407,
	0x4D0,
	0x4D2,
	0x403,
	0x400,
	0x4D6,
	0x401,
	0x4C1,
	0x4DC,
	0x4DE,
	0x40D,
	0x4E2,
	0x419,
	0x4E4,
	0x40C,
	0x4E6,
	0x4EE,
	0x40E,
	0x4F0,
	0x4F2,
	0x4F4,
	0x4F8,
	0x4EC,
	0x4D1,
	0x4D3,
	0x453,
	0x450,
	0x4D7,
	0x451,
	0x4C2,
	0x4DD,
	0x4DF,
	0x45D,
	0x4E3,
	0x439,
	0x4E5,
	0x45C,
	0x4E7,
	0x4EF,
	0x45E,
	0x4F1,
	0x4F3,
	0x4F5,
	0x4F9,
	0x4ED,
	0x457,
	0x476,
	0x477,
	0x4DA,
	0x4DB,
	0x4EA,
	0x4EB,
	0x622,
	0x623,
	0x625,
	0x624,
	0x626,
	0x6C2,
	0x6D3,
	0x6C0,
	0x929,
	0x931,
	0x934,
	0x9CB,
	0x9CC,
	0xB4B,
	0xB48,
	0xB4C,
	0xB94,
	0xBCA,
	0xBCC,
	0xBCB,
	0xC48,
	0xCC0,
	0xCCA,
	0xCC7,
	0xCC8,
	0xCCB,
	0xD4A,
	0xD4C,
	0xD4B,
	0xDDA,
	0xDDC,
	0xDDE,
	0xDDD,
	0x1026,
	0x1B06,
	0x1B08,
	0x1B0A,
	0x1B0C,
	0x1B0E,
	0x1B12,
	0x1B3B,
	0x1B3D,
	0x1B40,
	0x1B41,
	0x1B43,
	0x1E38,
	0x1E39,
	0x1E5C,
	0x1E5D,
	0x1E68,
	0x1E69,
	0x1EAC,
	0x1EB6,
	0x1EAD,
	0x1EB7,
	0x1EC6,
	0x1EC7,
	0x1ED8,
	0x1ED9,
	0x1F02,
	0x1F04,
	0x1F06,
	0x1F80,
	0x1F03,
	0x1F05,
	0x1F07,
	0x1F81,
	0x1F82,
	0x1F83,
	0x1F84,
	0x1F85,
	0x1F86,
	0x1F87,
	0x1F0A,
	0x1F0C,
	0x1F0E,
	0x1F88,
	0x1F0B,
	0x1F0D,
	0x1F0F,
	0x1F89,
	0x1F8A,
	0x1F8B,
	0x1F8C,
	0x1F8D,
	0x1F8E,
	0x1F8F,
	0x1F12,
	0x1F14,
	0x1F13,
	0x1F15,
	0x1F1A,
	0x1F1C,
	0x1F1B,
	0x1F1D,
	0x1F22,
	0x1F24,
	0x1F26,
	0x1F90,
	0x1F23,
	0x1F25,
	0x1F27,
	0x1F91,
	0x1F92,
	0x1F93,
	0x1F94,
	0x1F95,
	0x1F96,
	0x1F97,
	0x1F2A,
	0x1F2C,
	0x1F2E,
	0x1F98,
	0x1F2B,
	0x1F2D,
	0x1F2F,
	0x1F99,
	0x1F9A,
	0x1F9B,
	0x1F9C,
	0x1F9D,
	0x1F9E,
	0x1F9F,
	0x1F32,
	0x1F34,
	0x1F36,
	0x1F33,
	0x1F35,
	0x1F37,
	0x1F3A,
	0x1F3C,
	0x1F3E,
	0x1F3B,
	0x1F3D,
	0x1F3F,
	0x1F42,
	0x1F44,
	0x1F43,
	0x1F45,
	0x1F4A,
	0x1F4C,
	0x1F4B,
	0x1F4D,
	0x1F52,
	0x1F54,
	0x1F56,
	0x1F53,
	0x1F55,
	0x1F57,
	0x1F5B,
	0x1F5D,
	0x1F5F,
	0x1F62,
	0x1F64,
	0x1F66,
	0x1FA0,
	0x1F63,
	0x1F65,
	0x1F67,
	0x1FA1,
	0x1FA2,
	0x1FA3,
	0x1FA4,
	0x1FA5,
	0x1FA6,
	0x1FA7,
	0x1F6A,
	0x1F6C,
	0x1F6E,
	0x1FA8,
	0x1F6B,
	0x1F6D,
	0x1F6F,
	0x1FA9,
	0x1FAA,
	0x1FAB,
	0x1FAC,
	0x1FAD,
	0x1FAE,
	0x1FAF,
	0x1FB2,
	0x1FC2,
	0x1FF2,
	0x1FB7,
	0x1FCD,
	0x1FCE,
	0x1FCF,
	0x1FC7,
	0x1FF7,
	0x1FDD,
	0x1FDE,
	0x1FDF,
	0x219A,
	0x219B,
	0x21AE,
	0x21CD,
	0x21CF,
	0x21CE,
	0x2204,
	0x2209,
	0x220C,
	0x2224,
	0x2226,
	0x2241,
	0x2244,
	0x2247,
	0x2249,
	0x226D,
	0x2262,
	0x2270,
	0x2271,
	0x2274,
	0x2275,
	0x2278,
	0x2279,
	0x2280,
	0x2281,
	0x22E0,
	0x22E1,
	0x2284,
	0x2285,
	0x2288,
	0x2289,
	0x22E2,
	0x22E3,
	0x22AC,
	0x22AD,
	0x22AE,
	0x22AF,
	0x22EA,
	0x22EB,
	0x22EC,
	0x22ED,
	0x3094,
	0x304C,
	0x304E,
	0x3050,
	0x3052,
	0x3054,
	0x3056,
	0x3058,
	0x305A,
	0x305C,
	0x305E,
	0x3060,
	0x3062,
	0x3065,
	0x3067,
	0x3069,
	0x3070,
	0x3071,
	0x3073,
	0x3074,
	0x3076,
	0x3077,
	0x3079,
	0x307A,
	0x307C,
	0x307D,
	0x309E,
	0x30F4,
	0x30AC,
	0x30AE,
	0x30B0,
	0x30B2,
	0x30B4,
	0x30B6,
	0x30B8,
	0x30BA,
	0x30BC,
	0x30BE,
	0x30C0,
	0x30C2,
	0x30C5,
	0x30C7,
	0x30C9,
	0x30D0,
	0x30D1,
	0x30D3,
	0x30D4,
	0x30D6,
	0x30D7,
	0x30D9,
	0x30DA,
	0x30DC,
	0x30DD,
	0x30F7,
	0x30F8,
	0x30F9,
	0x30FA,
	0x30FE,
	0x1109A,
	0x1109C,
	0x110AB,
	0x1112E,
	0x1112F,
	0x1134B,
	0x1134C,
	0x114BC,
	0x114BB,
	0x114BE,
	0x115BA,
	0x115BB,
	0x11938,
}

// rewritten holds the code points that Normalization Form C does not leave
// as they are on their own: the singleton decompositions and the composition
// exclusions. In order.
var rewritten = [...]rune{
	0x340,
	0x341,
	0x343,
	0x344,
	0x374,
	0x37E,
	0x387,
	0x958,
	0x959,
	0x95A,
	0x95B,
	0x95C,
	0x95D,
	0x95E,
	0x95F,
	0x9DC,
	0x9DD,
	0x9DF,
	0xA33,
	0xA36,
	0xA59,
	0xA5A,
	0xA5B,
	0xA5E,
	0xB5C,
	0xB5D,
	0xF43,
	0xF4D,
	0xF52,
	0xF57,
	0xF5C,
	0xF69,
	0xF73,
	0xF75,
	0xF76,
	0xF78,
	0xF81,
	0xF93,
	0xF9D,
	0xFA2,
	0xFA7,
	0xFAC,
	0xFB9,
	0x1F71,
	0x1F73,
	0x1F75,
	0x1F77,
	0x1F79,
	0x1F7B,
	0x1F7D,
	0x1FBB,
	0x1FBE,
	0x1FC9,
	0x1FCB,
	0x1FD3,
	0x1FDB,
	0x1FE3,
	0x1FEB,
	0x1FEE,
	0x1FEF,
	0x1FF9,
	0x1FFB,
	0x1FFD,
	0x2000,
	0x2001,
	0x2126,
	0x212A,
	0x212B,
	0x2329,
	0x232A,
	0x2ADC,
	0xF900,
	0xF901,
	0xF902,
	0xF903,
	0xF904,
	0xF905,
	0xF906,
	0xF907,
	0xF908,
	0xF909,
	0xF90A,
	0xF90B,
	0xF90C,
	0xF90D,
	0xF90E,
	0xF90F,
	0xF910,
	0xF911,
	0xF912,
	0xF913,
	0xF914,
	0xF915,
	0xF916,
	0xF917,
	0xF918,
	0xF919,
	0xF91A,
	0xF91B,
	0xF91C,
	0xF91D,
	0xF91E,
	0xF91F,
	0xF920,
	0xF921,
	0xF922,
	0xF923,
	0xF924,
	0xF925,
	0xF926,
	0xF927,
	0xF928,
	0xF929,
	0xF92A,
	0xF92B,
	0xF92C,
	0xF92D,
	0xF92E,
	0xF92F,
	0xF930,
	0xF931,
	0xF932,
	0xF933,
	0xF934,
	0xF935,
	0xF936,
	0xF937,
	0xF938,
	0xF939,
	0xF93A,
	0xF93B,
	0xF93C,
	0xF93D,
	0xF93E,
	0xF93F,
	0xF940,
	0xF941,
	0xF942,
	0xF943,
	0xF944,
	0xF945,
	0xF946,
	0xF947,
	0xF948,
	0xF949,
	0xF94A,
	0xF94B,
	0xF94C,
	0xF94D,
	0xF94E,
	0xF94F,
	0xF950,
	0xF951,
	0xF952,
	0xF953,
	0xF954,
	0xF955,
	0xF956,
	0xF957,
	0xF958,
	0xF959,
	0xF95A,
	0xF95B,
	0xF95C,
	0xF95D,
	0xF95E,
	0xF95F,
	0xF960,
	0xF961,
	0xF962,
	0xF963,
	0xF964,
	0xF965,
	0xF966,
	0xF967,
	0xF968,
	0xF969,
	0xF96A,
	0xF96B,
	0xF96C,
	0xF96D,
	0xF96E,
	0xF96F,
	0xF970,
	0xF971,
	0xF972,
	0xF973,
	0xF974,
	0xF975,
	0xF976,
	0xF977,
	0xF978,
	0xF979,
	0xF97A,
	0xF97B,
	0xF97C,
	0xF97D,
	0xF97E,
	0xF97F,
	0xF980,
	0xF981,
	0xF982,
	0xF983,
	0xF984,
	0xF985,
	0xF986,
	0xF987,
	0xF988,
	0xF989,
	0xF98A,
	0xF98B,
	0xF98C,
	0xF98D,
	0xF98E,
	0xF98F,
	0xF990,
	0xF991,
	0xF992,
	0xF993,
	0xF994,
	0xF995,
	0xF996,
	0xF997,
	0xF998,
	0xF999,
	0xF99A,
	0xF99B,
	0xF99C,
	0xF99D,
	0xF99E,
	0xF99F,
	0xF9A0,
	0xF9A1,
	0xF9A2,
	0xF9A3,
	0xF9A4,
	0xF9A5,
	0xF9A6,
	0xF9A7,
	0xF9A8,
	0xF9A9,
	0xF9AA,
	0xF9AB,
	0xF9AC,
	0xF9AD,
	0xF9AE,
	0xF9AF,
	0xF9B0,
	0xF9B1,
	0xF9B2,
	0xF9B3,
	0xF9B4,
	0xF9B5,
	0xF9B6,
	0xF9B7,
	0xF9B8,
	0xF9B9,
	0xF9BA,
	0xF9BB,
	0xF9BC,
	0xF9BD,
	0xF9BE,
	0xF9BF,
	0xF9C0,
	0xF9C1,
	0xF9C2,
	0xF9C3,
	0xF9C4,
	0xF9C5,
	0xF9C6,
	0xF9C7,
	0xF9C8,
	0xF9C9,
	0xF9CA,
	0xF9CB,
	0xF9CC,
	0xF9CD,
	0xF9CE,
	0xF9CF,
	0xF9D0,
	0xF9D1,
	0xF9D2,
	0xF9D3,
	0xF9D4,
	0xF9D5,
	0xF9D6,
	0xF9D7,
	0xF9D8,
	0xF9D9,
	0xF9DA,
	0xF9DB,
	0xF9DC,
	0xF9DD,
	0xF9DE,
	0xF9DF,
	0xF9E0,
	0xF9E1,
	0xF9E2,
	0xF9E3,
	0xF9E4,
	0xF9E5,
	0xF9E6,
	0xF9E7,
	0xF9E8,
	0xF9E9,
	0xF9EA,
	0xF9EB,
	0xF9EC,
	0xF9ED,
	0xF9EE,
	0xF9EF,
	0xF9F0,
	0xF9F1,
	0xF9F2,
	0xF9F3,
	0xF9F4,
	0xF9F5,
	0xF9F6,
	0xF9F7,
	0xF9F8,
	0xF9F9,
	0xF9FA,
	0xF9FB,
	0xF9FC,
	0xF9FD,
	0xF9FE,
	0xF9FF,
	0xFA00,
	0xFA01,
	0xFA02,
	0xFA03,
	0xFA04,
	0xFA05,
	0xFA06,
	0xFA07,
	0xFA08,
	0xFA09,
	0xFA0A,
	0xFA0B,
	0xFA0C,
	0xFA0D,
	0xFA10,
	0xFA12,
	0xFA15,
	0xFA16,
	0xFA17,
	0xFA18,
	0xFA19,
	0xFA1A,
	0xFA1B,
	0xFA1C,
	0xFA1D,
	0xFA1E,
	0xFA20,
	0xFA22,
	0xFA25,
	0xFA26,
	0xFA2A,
	0xFA2B,
	0xFA2C,
	0xFA2D,
	0xFA2E,
	0xFA2F,
	0xFA30,
	0xFA31,
	0xFA32,
	0xFA33,
	0xFA34,
	0xFA35,
	0xFA36,
	0xFA37,
	0xFA38,
	0xFA39,
	0xFA3A,
	0xFA3B,
	0xFA3C,
	0xFA3D,
	0xFA3E,
	0xFA3F,
	0xFA40,
	0xFA41,
	0xFA42,
	0xFA43,
	0xFA44,
	0xFA45,
	0xFA46,
	0xFA47,
	0xFA48,
	0xFA49,
	0xFA4A,
	0xFA4B,
	0xFA4C,
	0xFA4D,
	0xFA4E,
	0xFA4F,
	0xFA50,
	0xFA51,
	0xFA52,
	0xFA53,
	0xFA54,
	0xFA55,
	0xFA56,
	0xFA57,
	0xFA58,
	0xFA59,
	0xFA5A,
	0xFA5B,
	0xFA5C,
	0xFA5D,
	0xFA5E,
	0xFA5F,
	0xFA60,
	0xFA61,
	0xFA62,
	0xFA63,
	0xFA64,
	0xFA65,
	0xFA66,
	0xFA67,
	0xFA68,
	0xFA69,
	0xFA6A,
	0xFA6B,
	0xFA6C,
	0xFA6D,
	0xFA70,
	0xFA71,
	0xFA72,
	0xFA73,
	0xFA74,
	0xFA75,
	0xFA76,
	0xFA77,
	0xFA78,
	0xFA79,
	0xFA7A,
	0xFA7B,
	0xFA7C,
	0xFA7D,
	0xFA7E,
	0xFA7F,
	0xFA80,
	0xFA81,
	0xFA82,
	0xFA83,
	0xFA84,
	0xFA85,
	0xFA86,
	0xFA87,
	0xFA88,
	0xFA89,
	0xFA8A,
	0xFA8B,
	0xFA8C,
	0xFA8D,
	0xFA8E,
	0xFA8F,
	0xFA90,
	0xFA91,
	0xFA92,
	0xFA93,
	0xFA94,
	0xFA95,
	0xFA96,
	0xFA97,
	0xFA98,
	0xFA99,
	0xFA9A,
	0xFA9B,
	0xFA9C,
	0xFA9D,
	0xFA9E,
	0xFA9F,
	0xFAA0,
	0xFAA1,
	0xFAA2,
	0xFAA3,
	0xFAA4,
	0xFAA5,
	0xFAA6,
	0xFAA7,
	0xFAA8,
	0xFAA9,
	0xFAAA,
	0xFAAB,
	0xFAAC,
	0xFAAD,
	0xFAAE,
	0xFAAF,
	0xFAB0,
	0xFAB1,
	0xFAB2,
	0xFAB3,
	0xFAB4,
	0xFAB5,
	0xFAB6,
	0xFAB7,
	0xFAB8,
	0xFAB9,
	0xFABA,
	0xFABB,
	0xFABC,
	0xFABD,
	0xFABE,
	0xFABF,
	0xFAC0,
	0xFAC1,
	0xFAC2,
	0xFAC3,
	0xFAC4,
	0xFAC5,
	0xFAC6,
	0xFAC7,
	0xFAC8,
	0xFAC9,
	0xFACA,
	0xFACB,
	0xFACC,
	0xFACD,
	0xFACE,
	0xFACF,
	0xFAD0,
	0xFAD1,
	0xFAD2,
	0xFAD3,
	0xFAD4,
	0xFAD5,
	0xFAD6,
	0xFAD7,
	0xFAD8,
	0xFAD9,
	0xFB1D,
	0xFB1F,
	0xFB2A,
	0xFB2B,
	0xFB2C,
	0xFB2D,
	0xFB2E,
	0xFB2F,
	0xFB30,
	0xFB31,
	0xFB32,
	0xFB33,
	0xFB34,
	0xFB35,
	0xFB36,
	0xFB38,
	0xFB39,
	0xFB3A,
	0xFB3B,
	0xFB3C,
	0xFB3E,
	0xFB40,
	0xFB41,
	0xFB43,
	0xFB44,
	0xFB46,
	0xFB47,
	0xFB48,
	0xFB49,
	0xFB4A,
	0xFB4B,
	0xFB4C,
	0xFB4D,
	0xFB4E,
	0x1D15E,
	0x1D15F,
	0x1D160,
	0x1D161,
	0x1D162,
	0x1D163,
	0x1D164,
	0x1D1BB,
	0x1D1BC,
	0x1D1BD,
	0x1D1BE,
	0x1D1BF,
	0x1D1C0,
	0x2F800,
	0x2F801,
	0x2F802,
	0x2F803,
	0x2F804,
	0x2F805,
	0x2F806,
	0x2F807,
	0x2F808,
	0x2F809,
	0x2F80A,
	0x2F80B,
	0x2F80C,
	0x2F80D,
	0x2F80E,
	0x2F80F,
	0x2F810,
	0x2F811,
	0x2F812,
	0x2F813,
	0x2F814,
	0x2F815,
	0x2F816,
	0x2F817,
	0x2F818,
	0x2F819,
	0x2F81A,
	0x2F81B,
	0x2F81C,
	0x2F81D,
	0x2F81E,
	0x2F81F,
	0x2F820,
	0x2F821,
	0x2F822,
	0x2F823,
	0x2F824,
	0x2F825,
	0x2F826,
	0x2F827,
	0x2F828,
	0x2F829,
	0x2F82A,
	0x2F82B,
	0x2F82C,
	0x2F82D,
	0x2F82E,
	0x2F82F,
	0x2F830,
	0x2F831,
	0x2F832,
	0x2F833,
	0x2F834,
	0x2F835,
	0x2F836,
	0x2F837,
	0x2F838,
	0x2F839,
	0x2F83A,
	0x2F83B,
	0x2F83C,
	0x2F83D,
	0x2F83E,
	0x2F83F,
	0x2F840,
	0x2F841,
	0x2F842,
	0x2F843,
	0x2F844,
	0x2F845,
	0x2F846,
	0x2F847,
	0x2F848,
	0x2F849,
	0x2F84A,
	0x2F84B,
	0x2F84C,
	0x2F84D,
	0x2F84E,
	0x2F84F,
	0x2F850,
	0x2F851,
	0x2F852,
	0x2F853,
	0x2F854,
	0x2F855,
	0x2F856,
	0x2F857,
	0x2F858,
	0x2F859,
	0x2F85A,
	0x2F85B,
	0x2F85C,
	0x2F85D,
	0x2F85E,
	0x2F85F,
	0x2F860,
	0x2F861,
	0x2F862,
	0x2F863,
	0x2F864,
	0x2F865,
	0x2F866,
	0x2F867,
	0x2F868,
	0x2F869,
	0x2F86A,
	0x2F86B,
	0x2F86C,
	0x2F86D,
	0x2F86E,
	0x2F86F,
	0x2F870,
	0x2F871,
	0x2F872,
	0x2F873,
	0x2F874,
	0x2F875,
	0x2F876,
	0x2F877,
	0x2F878,
	0x2F879,
	0x2F87A,
	0x2F87B,
	0x2F87C,
	0x2F87D,
	0x2F87E,
	0x2F87F,
	0x2F880,
	0x2F881,
	0x2F882,
	0x2F883,
	0x2F884,
	0x2F885,
	0x2F886,
	0x2F887,
	0x2F888,
	0x2F889,
	0x2F88A,
	0x2F88B,
	0x2F88C,
	0x2F88D,
	0x2F88E,
	0x2F88F,
	0x2F890,
	0x2F891,
	0x2F892,
	0x2F893,
	0x2F894,
	0x2F895,
	0x2F896,
	0x2F897,
	0x2F898,
	0x2F899,
	0x2F89A,
	0x2F89B,
	0x2F89C,
	0x2F89D,
	0x2F89E,
	0x2F89F,
	0x2F8A0,
	0x2F8A1,
	0x2F8A2,
	0x2F8A3,
	0x2F8A4,
	0x2F8A5,
	0x2F8A6,
	0x2F8A7,
	0x2F8A8,
	0x2F8A9,
	0x2F8AA,
	0x2F8AB,
	0x2F8AC,
	0x2F8AD,
	0x2F8AE,
	0x2F8AF,
	0x2F8B0,
	0x2F8B1,
	0x2F8B2,
	0x2F8B3,
	0x2F8B4,
	0x2F8B5,
	0x2F8B6,
	0x2F8B7,
	0x2F8B8,
	0x2F8B9,
	0x2F8BA,
	0x2F8BB,
	0x2F8BC,
	0x2F8BD,
	0x2F8BE,
	0x2F8BF,
	0x2F8C0,
	0x2F8C1,
	0x2F8C2,
	0x2F8C3,
	0x2F8C4,
	0x2F8C5,
	0x2F8C6,
	0x2F8C7,
	0x2F8C8,
	0x2F8C9,
	0x2F8CA,
	0x2F8CB,
	0x2F8CC,
	0x2F8CD,
	0x2F8CE,
	0x2F8CF,
	0x2F8D0,
	0x2F8D1,
	0x2F8D2,
	0x2F8D3,
	0x2F8D4,
	0x2F8D5,
	0x2F8D6,
	0x2F8D7,
	0x2F8D8,
	0x2F8D9,
	0x2F8DA,
	0x2F8DB,
	0x2F8DC,
	0x2F8DD,
	0x2F8DE,
	0x2F8DF,
	0x2F8E0,
	0x2F8E1,
	0x2F8E2,
	0x2F8E3,
	0x2F8E4,
	0x2F8E5,
	0x2F8E6,
	0x2F8E7,
	0x2F8E8,
	0x2F8E9,
	0x2F8EA,
	0x2F8EB,
	0x2F8EC,
	0x2F8ED,
	0x2F8EE,
	0x2F8EF,
	0x2F8F0,
	0x2F8F1,
	0x2F8F2,
	0x2F8F3,
	0x2F8F4,
	0x2F8F5,
	0x2F8F6,
	0x2F8F7,
	0x2F8F8,
	0x2F8F9,
	0x2F8FA,
	0x2F8FB,
	0x2F8FC,
	0x2F8FD,
	0x2F8FE,
	0x2F8FF,
	0x2F900,
	0x2F901,
	0x2F902,
	0x2F903,
	0x2F904,
	0x2F905,
	0x2F906,
	0x2F907,
	0x2F908,
	0x2F909,
	0x2F90A,
	0x2F90B,
	0x2F90C,
	0x2F90D,
	0x2F90E,
	0x2F90F,
	0x2F910,
	0x2F911,
	0x2F912,
	0x2F913,
	0x2F914,
	0x2F915,
	0x2F916,
	0x2F917,
	0x2F918,
	0x2F919,
	0x2F91A,
	0x2F91B,
	0x2F91C,
	0x2F91D,
	0x2F91E,
	0x2F91F,
	0x2F920,
	0x2F921,
	0x2F922,
	0x2F923,
	0x2F924,
	0x2F925,
	0x2F926,
	0x2F927,
	0x2F928,
	0x2F929,
	0x2F92A,
	0x2F92B,
	0x2F92C,
	0x2F92D,
	0x2F92E,
	0x2F92F,
	0x2F930,
	0x2F931,
	0x2F932,
	0x2F933,
	0x2F934,
	0x2F935,
	0x2F936,
	0x2F937,
	0x2F938,
	0x2F939,
	0x2F93A,
	0x2F93B,
	0x2F93C,
	0x2F93D,
	0x2F93E,
	0x2F93F,
	0x2F940,
	0x2F941,
	0x2F942,
	0x2F943,
	0x2F944,
	0x2F945,
	0x2F946,
	0x2F947,
	0x2F948,
	0x2F949,
	0x2F94A,
	0x2F94B,
	0x2F94C,
	0x2F94D,
	0x2F94E,
	0x2F94F,
	0x2F950,
	0x2F951,
	0x2F952,
	0x2F953,
	0x2F954,
	0x2F955,
	0x2F956,
	0x2F957,
	0x2F958,
	0x2F959,
	0x2F95A,
	0x2F95B,
	0x2F95C,
	0x2F95D,
	0x2F95E,
	0x2F95F,
	0x2F960,
	0x2F961,
	0x2F962,
	0x2F963,
	0x2F964,
	0x2F965,
	0x2F966,
	0x2F967,
	0x2F968,
	0x2F969,
	0x2F96A,
	0x2F96B,
	0x2F96C,
	0x2F96D,
	0x2F96E,
	0x2F96F,
	0x2F970,
	0x2F971,
	0x2F972,
	0x2F973,
	0x2F974,
	0x2F975,
	0x2F976,
	0x2F977,
	0x2F978,
	0x2F979,
	0x2F97A,
	0x2F97B,
	0x2F97C,
	0x2F97D,
	0x2F97E,
	0x2F97F,
	0x2F980,
	0x2F981,
	0x2F982,
	0x2F983,
	0x2F984,
	0x2F985,
	0x2F986,
	0x2F987,
	0x2F988,
	0x2F989,
	0x2F98A,
	0x2F98B,
	0x2F98C,
	0x2F98D,
	0x2F98E,
	0x2F98F,
	0x2F990,
	0x2F991,
	0x2F992,
	0x2F993,
	0x2F994,
	0x2F995,
	0x2F996,
	0x2F997,
	0x2F998,
	0x2F999,
	0x2F99A,
	0x2F99B,
	0x2F99C,
	0x2F99D,
	0x2F99E,
	0x2F99F,
	0x2F9A0,
	0x2F9A1,
	0x2F9A2,
	0x2F9A3,
	0x2F9A4,
	0x2F9A5,
	0x2F9A6,
	0x2F9A7,
	0x2F9A8,
	0x2F9A9,
	0x2F9AA,
	0x2F9AB,
	0x2F9AC,
	0x2F9AD,
	0x2F9AE,
	0x2F9AF,
	0x2F9B0,
	0x2F9B1,
	0x2F9B2,
	0x2F9B3,
	0x2F9B4,
	0x2F9B5,
	0x2F9B6,
	0x2F9B7,
	0x2F9B8,
	0x2F9B9,
	0x2F9BA,
	0x2F9BB,
	0x2F9BC,
	0x2F9BD,
	0x2F9BE,
	0x2F9BF,
	0x2F9C0,
	0x2F9C1,
	0x2F9C2,
	0x2F9C3,
	0x2F9C4,
	0x2F9C5,
	0x2F9C6,
	0x2F9C7,
	0x2F9C8,
	0x2F9C9,
	0x2F9CA,
	0x2F9CB,
	0x2F9CC,
	0x2F9CD,
	0x2F9CE,
	0x2F9CF,
	0x2F9D0,
	0x2F9D1,
	0x2F9D2,
	0x2F9D3,
	0x2F9D4,
	0x2F9D5,
	0x2F9D6,
	0x2F9D7,
	0x2F9D8,
	0x2F9D9,
	0x2F9DA,
	0x2F9DB,
	0x2F9DC,
	0x2F9DD,
	0x2F9DE,
	0x2F9DF,
	0x2F9E0,
	0x2F9E1,
	0x2F9E2,
	0x2F9E3,
	0x2F9E4,
	0x2F9E5,
	0x2F9E6,
	0x2F9E7,
	0x2F9E8,
	0x2F9E9,
	0x2F9EA,
	0x2F9EB,
	0x2F9EC,
	0x2F9ED,
	0x2F9EE,
	0x2F9EF,
	0x2F9F0,
	0x2F9F1,
	0x2F9F2,
	0x2F9F3,
	0x2F9F4,
	0x2F9F5,
	0x2F9F6,
	0x2F9F7,
	0x2F9F8,
	0x2F9F9,
	0x2F9FA,
	0x2F9FB,
	0x2F9FC,
	0x2F9FD,
	0x2F9FE,
	0x2F9FF,
	0x2FA00,
	0x2FA01,
	0x2FA02,
	0x2FA03,
	0x2FA04,
	0x2FA05,
	0x2FA06,
	0x2FA07,
	0x2FA08,
	0x2FA09,
	0x2FA0A,
	0x2FA0B,
	0x2FA0C,
	0x2FA0D,
	0x2FA0E,
	0x2FA0F,
	0x2FA10,
	0x2FA11,
	0x2FA12,
	0x2FA13,
	0x2FA14,
	0x2FA15,
	0x2FA16,
	0x2FA17,
	0x2FA18,
	0x2FA19,
	0x2FA1A,
	0x2FA1B,
	0x2FA1C,
	0x2FA1D,
}

// composing holds the code points that end a primary composite, the Hangul
// vowels and trailing consonants among them, so that a string holding one has
// to be normalized to find out what it does. In order.
var composing = [...]rune{
	0x300,
	0x301,
	0x302,
	0x303,
	0x304,
	0x306,
	0x307,
	0x308,
	0x309,
	0x30A,
	0x30B,
	0x30C,
	0x30F,
	0x311,
	0x313,
	0x314,
	0x31B,
	0x323,
	0x324,
	0x325,
	0x326,
	0x327,
	0x328,
	0x32D,
	0x32E,
	0x330,
	0x331,
	0x338,
	0x342,
	0x345,
	0x653,
	0x654,
	0x655,
	0x93C,
	0x9BE,
	0x9D7,
	0xB3E,
	0xB56,
	0xB57,
	0xBBE,
	0xBD7,
	0xC56,
	0xCC2,
	0xCD5,
	0xCD6,
	0xD3E,
	0xD57,
	0xDCA,
	0xDCF,
	0xDDF,
	0x102E,
	0x1161,
	0x1162,
	0x1163,
	0x1164,
	0x1165,
	0x1166,
	0x1167,
	0x1168,
	0x1169,
	0x116A,
	0x116B,
	0x116C,
	0x116D,
	0x116E,
	0x116F,
	0x1170,
	0x1171,
	0x1172,
	0x1173,
	0x1174,
	0x1175,
	0x11A8,
	0x11A9,
	0x11AA,
	0x11AB,
	0x11AC,
	0x11AD,
	0x11AE,
	0x11AF,
	0x11B0,
	0x11B1,
	0x11B2,
	0x11B3,
	0x11B4,
	0x11B5,
	0x11B6,
	0x11B7,
	0x11B8,
	0x11B9,
	0x11BA,
	0x11BB,
	0x11BC,
	0x11BD,
	0x11BE,
	0x11BF,
	0x11C0,
	0x11C1,
	0x11C2,
	0x1B35,
	0x3099,
	0x309A,
	0x110BA,
	0x11127,
	0x1133E,
	0x11357,
	0x114B0,
	0x114BA,
	0x114BD,
	0x115AF,
	0x11930,
}

// assigned holds the ranges of code points whose general category is a
// letter, mark, number, punctuation or symbol: everything that is not a
// separator or an other. Each range is a first and a last code point, and the
// ranges are in order and do not touch.
var assigned = [...][2]rune{
	{0x21, 0x7E},
	{0xA1, 0xAC},
	{0xAE, 0x377},
	{0x37A, 0x37F},
	{0x384, 0x38A},
	{0x38C, 0x38C},
	{0x38E, 0x3A1},
	{0x3A3, 0x52F},
	{0x531, 0x556},
	{0x559, 0x58A},
	{0x58D, 0x58F},
	{0x591, 0x5C7},
	{0x5D0, 0x5EA},
	{0x5EF, 0x5F4},
	{0x606, 0x61B},
	{0x61D, 0x6DC},
	{0x6DE, 0x70D},
	{0x710, 0x74A},
	{0x74D, 0x7B1},
	{0x7C0, 0x7FA},
	{0x7FD, 0x82D},
	{0x830, 0x83E},
	{0x840, 0x85B},
	{0x85E, 0x85E},
	{0x860, 0x86A},
	{0x870, 0x88E},
	{0x898, 0x8E1},
	{0x8E3, 0x983},
	{0x985, 0x98C},
	{0x98F, 0x990},
	{0x993, 0x9A8},
	{0x9AA, 0x9B0},
	{0x9B2, 0x9B2},
	{0x9B6, 0x9B9},
	{0x9BC, 0x9C4},
	{0x9C7, 0x9C8},
	{0x9CB, 0x9CE},
	{0x9D7, 0x9D7},
	{0x9DC, 0x9DD},
	{0x9DF, 0x9E3},
	{0x9E6, 0x9FE},
	{0xA01, 0xA03},
	{0xA05, 0xA0A},
	{0xA0F, 0xA10},
	{0xA13, 0xA28},
	{0xA2A, 0xA30},
	{0xA32, 0xA33},
	{0xA35, 0xA36},
	{0xA38, 0xA39},
	{0xA3C, 0xA3C},
	{0xA3E, 0xA42},
	{0xA47, 0xA48},
	{0xA4B, 0xA4D},
	{0xA51, 0xA51},
	{0xA59, 0xA5C},
	{0xA5E, 0xA5E},
	{0xA66, 0xA76},
	{0xA81, 0xA83},
	{0xA85, 0xA8D},
	{0xA8F, 0xA91},
	{0xA93, 0xAA8},
	{0xAAA, 0xAB0},
	{0xAB2, 0xAB3},
	{0xAB5, 0xAB9},
	{0xABC, 0xAC5},
	{0xAC7, 0xAC9},
	{0xACB, 0xACD},
	{0xAD0, 0xAD0},
	{0xAE0, 0xAE3},
	{0xAE6, 0xAF1},
	{0xAF9, 0xAFF},
	{0xB01, 0xB03},
	{0xB05, 0xB0C},
	{0xB0F, 0xB10},
	{0xB13, 0xB28},
	{0xB2A, 0xB30},
	{0xB32, 0xB33},
	{0xB35, 0xB39},
	{0xB3C, 0xB44},
	{0xB47, 0xB48},
	{0xB4B, 0xB4D},
	{0xB55, 0xB57},
	{0xB5C, 0xB5D},
	{0xB5F, 0xB63},
	{0xB66, 0xB77},
	{0xB82, 0xB83},
	{0xB85, 0xB8A},
	{0xB8E, 0xB90},
	{0xB92, 0xB95},
	{0xB99, 0xB9A},
	{0xB9C, 0xB9C},
	{0xB9E, 0xB9F},
	{0xBA3, 0xBA4},
	{0xBA8, 0xBAA},
	{0xBAE, 0xBB9},
	{0xBBE, 0xBC2},
	{0xBC6, 0xBC8},
	{0xBCA, 0xBCD},
	{0xBD0, 0xBD0},
	{0xBD7, 0xBD7},
	{0xBE6, 0xBFA},
	{0xC00, 0xC0C},
	{0xC0E, 0xC10},
	{0xC12, 0xC28},
	{0xC2A, 0xC39},
	{0xC3C, 0xC44},
	{0xC46, 0xC48},
	{0xC4A, 0xC4D},
	{0xC55, 0xC56},
	{0xC58, 0xC5A},
	{0xC5D, 0xC5D},
	{0xC60, 0xC63},
	{0xC66, 0xC6F},
	{0xC77, 0xC8C},
	{0xC8E, 0xC90},
	{0xC92, 0xCA8},
	{0xCAA, 0xCB3},
	{0xCB5, 0xCB9},
	{0xCBC, 0xCC4},
	{0xCC6, 0xCC8},
	{0xCCA, 0xCCD},
	{0xCD5, 0xCD6},
	{0xCDD, 0xCDE},
	{0xCE0, 0xCE3},
	{0xCE6, 0xCEF},
	{0xCF1, 0xCF3},
	{0xD00, 0xD0C},
	{0xD0E, 0xD10},
	{0xD12, 0xD44},
	{0xD46, 0xD48},
	{0xD4A, 0xD4F},
	{0xD54, 0xD63},
	{0xD66, 0xD7F},
	{0xD81, 0xD83},
	{0xD85, 0xD96},
	{0xD9A, 0xDB1},
	{0xDB3, 0xDBB},
	{0xDBD, 0xDBD},
	{0xDC0, 0xDC6},
	{0xDCA, 0xDCA},
	{0xDCF, 0xDD4},
	{0xDD6, 0xDD6},
	{0xDD8, 0xDDF},
	{0xDE6, 0xDEF},
	{0xDF2, 0xDF4},
	{0xE01, 0xE3A},
	{0xE3F, 0xE5B},
	{0xE81, 0xE82},
	{0xE84, 0xE84},
	{0xE86, 0xE8A},
	{0xE8C, 0xEA3},
	{0xEA5, 0xEA5},
	{0xEA7, 0xEBD},
	{0xEC0, 0xEC4},
	{0xEC6, 0xEC6},
	{0xEC8, 0xECE},
	{0xED0, 0xED9},
	{0xEDC, 0xEDF},
	{0xF00, 0xF47},
	{0xF49, 0xF6C},
	{0xF71, 0xF97},
	{0xF99, 0xFBC},
	{0xFBE, 0xFCC},
	{0xFCE, 0xFDA},
	{0x1000, 0x10C5},
	{0x10C7, 0x10C7},
	{0x10CD, 0x10CD},
	{0x10D0, 0x1248},
	{0x124A, 0x124D},
	{0x1250, 0x1256},
	{0x1258, 0x1258},
	{0x125A, 0x125D},
	{0x1260, 0x1288},
	{0x128A, 0x128D},
	{0x1290, 0x12B0},
	{0x12B2, 0x12B5},
	{0x12B8, 0x12BE},
	{0x12C0, 0x12C0},
	{0x12C2, 0x12C5},
	{0x12C8, 0x12D6},
	{0x12D8, 0x1310},
	{0x1312, 0x1315},
	{0x1318, 0x135A},
	{0x135D, 0x137C},
	{0x1380, 0x1399},
	{0x13A0, 0x13F5},
	{0x13F8, 0x13FD},
	{0x1400, 0x167F},
	{0x1681, 0x169C},
	{0x16A0, 0x16F8},
	{0x1700, 0x1715},
	{0x171F, 0x1736},
	{0x1740, 0x1753},
	{0x1760, 0x176C},
	{0x176E, 0x1770},
	{0x1772, 0x1773},
	{0x1780, 0x17DD},
	{0x17E0, 0x17E9},
	{0x17F0, 0x17F9},
	{0x1800, 0x180D},
	{0x180F, 0x1819},
	{0x1820, 0x1878},
	{0x1880, 0x18AA},
	{0x18B0, 0x18F5},
	{0x1900, 0x191E},
	{0x1920, 0x192B},
	{0x1930, 0x193B},
	{0x1940, 0x1940},
	{0x1944, 0x196D},
	{0x1970, 0x1974},
	{0x1980, 0x19AB},
	{0x19B0, 0x19C9},
	{0x19D0, 0x19DA},
	{0x19DE, 0x1A1B},
	{0x1A1E, 0x1A5E},
	{0x1A60, 0x1A7C},
	{0x1A7F, 0x1A89},
	{0x1A90, 0x1A99},
	{0x1AA0, 0x1AAD},
	{0x1AB0, 0x1ACE},
	{0x1B00, 0x1B4C},
	{0x1B50, 0x1B7E},
	{0x1B80, 0x1BF3},
	{0x1BFC, 0x1C37},
	{0x1C3B, 0x1C49},
	{0x1C4D, 0x1C88},
	{0x1C90, 0x1CBA},
	{0x1CBD, 0x1CC7},
	{0x1CD0, 0x1CFA},
	{0x1D00, 0x1F15},
	{0x1F18, 0x1F1D},
	{0x1F20, 0x1F45},
	{0x1F48, 0x1F4D},
	{0x1F50, 0x1F57},
	{0x1F59, 0x1F59},
	{0x1F5B, 0x1F5B},
	{0x1F5D, 0x1F5D},
	{0x1F5F, 0x1F7D},
	{0x1F80, 0x1FB4},
	{0x1FB6, 0x1FC4},
	{0x1FC6, 0x1FD3},
	{0x1FD6, 0x1FDB},
	{0x1FDD, 0x1FEF},
	{0x1FF2, 0x1FF4},
	{0x1FF6, 0x1FFE},
	{0x2010, 0x2027},
	{0x2030, 0x205E},
	{0x2070, 0x2071},
	{0x2074, 0x208E},
	{0x2090, 0x209C},
	{0x20A0, 0x20C0},
	{0x20D0, 0x20F0},
	{0x2100, 0x218B},
	{0x2190, 0x2426},
	{0x2440, 0x244A},
	{0x2460, 0x2B73},
	{0x2B76, 0x2B95},
	{0x2B97, 0x2CF3},
	{0x2CF9, 0x2D25},
	{0x2D27, 0x2D27},
	{0x2D2D, 0x2D2D},
	{0x2D30, 0x2D67},
	{0x2D6F, 0x2D70},
	{0x2D7F, 0x2D96},
	{0x2DA0, 0x2DA6},
	{0x2DA8, 0x2DAE},
	{0x2DB0, 0x2DB6},
	{0x2DB8, 0x2DBE},
	{0x2DC0, 0x2DC6},
	{0x2DC8, 0x2DCE},
	{0x2DD0, 0x2DD6},
	{0x2DD8, 0x2DDE},
	{0x2DE0, 0x2E5D},
	{0x2E80, 0x2E99},
	{0x2E9B, 0x2EF3},
	{0x2F00, 0x2FD5},
	{0x2FF0, 0x2FFB},
	{0x3001, 0x303F},
	{0x3041, 0x3096},
	{0x3099, 0x30FF},
	{0x3105, 0x312F},
	{0x3131, 0x318E},
	{0x3190, 0x31E3},
	{0x31F0, 0x321E},
	{0x3220, 0xA48C},
	{0xA490, 0xA4C6},
	{0xA4D0, 0xA62B},
	{0xA640, 0xA6F7},
	{0xA700, 0xA7CA},
	{0xA7D0, 0xA7D1},
	{0xA7D3, 0xA7D3},
	{0xA7D5, 0xA7D9},
	{0xA7F2, 0xA82C},
	{0xA830, 0xA839},
	{0xA840, 0xA877},
	{0xA880, 0xA8C5},
	{0xA8CE, 0xA8D9},
	{0xA8E0, 0xA953},
	{0xA95F, 0xA97C},
	{0xA980, 0xA9CD},
	{0xA9CF, 0xA9D9},
	{0xA9DE, 0xA9FE},
	{0xAA00, 0xAA36},
	{0xAA40, 0xAA4D},
	{0xAA50, 0xAA59},
	{0xAA5C, 0xAAC2},
	{0xAADB, 0xAAF6},
	{0xAB01, 0xAB06},
	{0xAB09, 0xAB0E},
	{0xAB11, 0xAB16},
	{0xAB20, 0xAB26},
	{0xAB28, 0xAB2E},
	{0xAB30, 0xAB6B},
	{0xAB70, 0xABED},
	{0xABF0, 0xABF9},
	{0xAC00, 0xD7A3},
	{0xD7B0, 0xD7C6},
	{0xD7CB, 0xD7FB},
	{0xF900, 0xFA6D},
	{0xFA70, 0xFAD9},
	{0xFB00, 0xFB06},
	{0xFB13, 0xFB17},
	{0xFB1D, 0xFB36},
	{0xFB38, 0xFB3C},
	{0xFB3E, 0xFB3E},
	{0xFB40, 0xFB41},
	{0xFB43, 0xFB44},
	{0xFB46, 0xFBC2},
	{0xFBD3, 0xFD8F},
	{0xFD92, 0xFDC7},
	{0xFDCF, 0xFDCF},
	{0xFDF0, 0xFE19},
	{0xFE20, 0xFE52},
	{0xFE54, 0xFE66},
	{0xFE68, 0xFE6B},
	{0xFE70, 0xFE74},
	{0xFE76, 0xFEFC},
	{0xFF01, 0xFFBE},
	{0xFFC2, 0xFFC7},
	{0xFFCA, 0xFFCF},
	{0xFFD2, 0xFFD7},
	{0xFFDA, 0xFFDC},
	{0xFFE0, 0xFFE6},
	{0xFFE8, 0xFFEE},
	{0xFFFC, 0xFFFD},
	{0x10000, 0x1000B},
	{0x1000D, 0x10026},
	{0x10028, 0x1003A},
	{0x1003C, 0x1003D},
	{0x1003F, 0x1004D},
	{0x10050, 0x1005D},
	{0x10080, 0x100FA},
	{0x10100, 0x10102},
	{0x10107, 0x10133},
	{0x10137, 0x1018E},
	{0x10190, 0x1019C},
	{0x101A0, 0x101A0},
	{0x101D0, 0x101FD},
	{0x10280, 0x1029C},
	{0x102A0, 0x102D0},
	{0x102E0, 0x102FB},
	{0x10300, 0x10323},
	{0x1032D, 0x1034A},
	{0x10350, 0x1037A},
	{0x10380, 0x1039D},
	{0x1039F, 0x103C3},
	{0x103C8, 0x103D5},
	{0x10400, 0x1049D},
	{0x104A0, 0x104A9},
	{0x104B0, 0x104D3},
	{0x104D8, 0x104FB},
	{0x10500, 0x10527},
	{0x10530, 0x10563},
	{0x1056F, 0x1057A},
	{0x1057C, 0x1058A},
	{0x1058C, 0x10592},
	{0x10594, 0x10595},
	{0x10597, 0x105A1},
	{0x105A3, 0x105B1},
	{0x105B3, 0x105B9},
	{0x105BB, 0x105BC},
	{0x10600, 0x10736},
	{0x10740, 0x10755},
	{0x10760, 0x10767},
	{0x10780, 0x10785},
	{0x10787, 0x107B0},
	{0x107B2, 0x107BA},
	{0x10800, 0x10805},
	{0x10808, 0x10808},
	{0x1080A, 0x10835},
	{0x10837, 0x10838},
	{0x1083C, 0x1083C},
	{0x1083F, 0x10855},
	{0x10857, 0x1089E},
	{0x108A7, 0x108AF},
	{0x108E0, 0x108F2},
	{0x108F4, 0x108F5},
	{0x108FB, 0x1091B},
	{0x1091F, 0x10939},
	{0x1093F, 0x1093F},
	{0x10980, 0x109B7},
	{0x109BC, 0x109CF},
	{0x109D2, 0x10A03},
	{0x10A05, 0x10A06},
	{0x10A0C, 0x10A13},
	{0x10A15, 0x10A17},
	{0x10A19, 0x10A35},
	{0x10A38, 0x10A3A},
	{0x10A3F, 0x10A48},
	{0x10A50, 0x10A58},
	{0x10A60, 0x10A9F},
	{0x10AC0, 0x10AE6},
	{0x10AEB, 0x10AF6},
	{0x10B00, 0x10B35},
	{0x10B39, 0x10B55},
	{0x10B58, 0x10B72},
	{0x10B78, 0x10B91},
	{0x10B99, 0x10B9C},
	{0x10BA9, 0x10BAF},
	{0x10C00, 0x10C48},
	{0x10C80, 0x10CB2},
	{0x10CC0, 0x10CF2},
	{0x10CFA, 0x10D27},
	{0x10D30, 0x10D39},
	{0x10E60, 0x10E7E},
	{0x10E80, 0x10EA9},
	{0x10EAB, 0x10EAD},
	{0x10EB0, 0x10EB1},
	{0x10EFD, 0x10F27},
	{0x10F30, 0x10F59},
	{0x10F70, 0x10F89},
	{0x10FB0, 0x10FCB},
	{0x10FE0, 0x10FF6},
	{0x11000, 0x1104D},
	{0x11052, 0x11075},
	{0x1107F, 0x110BC},
	{0x110BE, 0x110C2},
	{0x110D0, 0x110E8},
	{0x110F0, 0x110F9},
	{0x11100, 0x11134},
	{0x11136, 0x11147},
	{0x11150, 0x11176},
	{0x11180, 0x111DF},
	{0x111E1, 0x111F4},
	{0x11200, 0x11211},
	{0x11213, 0x11241},
	{0x11280, 0x11286},
	{0x11288, 0x11288},
	{0x1128A, 0x1128D},
	{0x1128F, 0x1129D},
	{0x1129F, 0x112A9},
	{0x112B0, 0x112EA},
	{0x112F0, 0x112F9},
	{0x11300, 0x11303},
	{0x11305, 0x1130C},
	{0x1130F, 0x11310},
	{0x11313, 0x11328},
	{0x1132A, 0x11330},
	{0x11332, 0x11333},
	{0x11335, 0x11339},
	{0x1133B, 0x11344},
	{0x11347, 0x11348},
	{0x1134B, 0x1134D},
	{0x11350, 0x11350},
	{0x11357, 0x11357},
	{0x1135D, 0x11363},
	{0x11366, 0x1136C},
	{0x11370, 0x11374},
	{0x11400, 0x1145B},
	{0x1145D, 0x11461},
	{0x11480, 0x114C7},
	{0x114D0, 0x114D9},
	{0x11580, 0x115B5},
	{0x115B8, 0x115DD},
	{0x11600, 0x11644},
	{0x11650, 0x11659},
	{0x11660, 0x1166C},
	{0x11680, 0x116B9},
	{0x116C0, 0x116C9},
	{0x11700, 0x1171A},
	{0x1171D, 0x1172B},
	{0x11730, 0x11746},
	{0x11800, 0x1183B},
	{0x118A0, 0x118F2},
	{0x118FF, 0x11906},
	{0x11909, 0x11909},
	{0x1190C, 0x11913},
	{0x11915, 0x11916},
	{0x11918, 0x11935},
	{0x11937, 0x11938},
	{0x1193B, 0x11946},
	{0x11950, 0x11959},
	{0x119A0, 0x119A7},
	{0x119AA, 0x119D7},
	{0x119DA, 0x119E4},
	{0x11A00, 0x11A47},
	{0x11A50, 0x11AA2},
	{0x11AB0, 0x11AF8},
	{0x11B00, 0x11B09},
	{0x11C00, 0x11C08},
	{0x11C0A, 0x11C36},
	{0x11C38, 0x11C45},
	{0x11C50, 0x11C6C},
	{0x11C70, 0x11C8F},
	{0x11C92, 0x11CA7},
	{0x11CA9, 0x11CB6},
	{0x11D00, 0x11D06},
	{0x11D08, 0x11D09},
	{0x11D0B, 0x11D36},
	{0x11D3A, 0x11D3A},
	{0x11D3C, 0x11D3D},
	{0x11D3F, 0x11D47},
	{0x11D50, 0x11D59},
	{0x11D60, 0x11D65},
	{0x11D67, 0x11D68},
	{0x11D6A, 0x11D8E},
	{0x11D90, 0x11D91},
	{0x11D93, 0x11D98},
	{0x11DA0, 0x11DA9},
	{0x11EE0, 0x11EF8},
	{0x11F00, 0x11F10},
	{0x11F12, 0x11F3A},
	{0x11F3E, 0x11F59},
	{0x11FB0, 0x11FB0},
	{0x11FC0, 0x11FF1},
	{0x11FFF, 0x12399},
	{0x12400, 0x1246E},
	{0x12470, 0x12474},
	{0x12480, 0x12543},
	{0x12F90, 0x12FF2},
	{0x13000, 0x1342F},
	{0x13440, 0x13455},
	{0x14400, 0x14646},
	{0x16800, 0x16A38},
	{0x16A40, 0x16A5E},
	{0x16A60, 0x16A69},
	{0x16A6E, 0x16ABE},
	{0x16AC0, 0x16AC9},
	{0x16AD0, 0x16AED},
	{0x16AF0, 0x16AF5},
	{0x16B00, 0x16B45},
	{0x16B50, 0x16B59},
	{0x16B5B, 0x16B61},
	{0x16B63, 0x16B77},
	{0x16B7D, 0x16B8F},
	{0x16E40, 0x16E9A},
	{0x16F00, 0x16F4A},
	{0x16F4F, 0x16F87},
	{0x16F8F, 0x16F9F},
	{0x16FE0, 0x16FE4},
	{0x16FF0, 0x16FF1},
	{0x17000, 0x187F7},
	{0x18800, 0x18CD5},
	{0x18D00, 0x18D08},
	{0x1AFF0, 0x1AFF3},
	{0x1AFF5, 0x1AFFB},
	{0x1AFFD, 0x1AFFE},
	{0x1B000, 0x1B122},
	{0x1B132, 0x1B132},
	{0x1B150, 0x1B152},
	{0x1B155, 0x1B155},
	{0x1B164, 0x1B167},
	{0x1B170, 0x1B2FB},
	{0x1BC00, 0x1BC6A},
	{0x1BC70, 0x1BC7C},
	{0x1BC80, 0x1BC88},
	{0x1BC90, 0x1BC99},
	{0x1BC9C, 0x1BC9F},
	{0x1CF00, 0x1CF2D},
	{0x1CF30, 0x1CF46},
	{0x1CF50, 0x1CFC3},
	{0x1D000, 0x1D0F5},
	{0x1D100, 0x1D126},
	{0x1D129, 0x1D172},
	{0x1D17B, 0x1D1EA},
	{0x1D200, 0x1D245},
	{0x1D2C0, 0x1D2D3},
	{0x1D2E0, 0x1D2F3},
	{0x1D300, 0x1D356},
	{0x1D360, 0x1D378},
	{0x1D400, 0x1D454},
	{0x1D456, 0x1D49C},
	{0x1D49E, 0x1D49F},
	{0x1D4A2, 0x1D4A2},
	{0x1D4A5, 0x1D4A6},
	{0x1D4A9, 0x1D4AC},
	{0x1D4AE, 0x1D4B9},
	{0x1D4BB, 0x1D4BB},
	{0x1D4BD, 0x1D4C3},
	{0x1D4C5, 0x1D505},
	{0x1D507, 0x1D50A},
	{0x1D50D, 0x1D514},
	{0x1D516, 0x1D51C},
	{0x1D51E, 0x1D539},
	{0x1D53B, 0x1D53E},
	{0x1D540, 0x1D544},
	{0x1D546, 0x1D546},
	{0x1D54A, 0x1D550},
	{0x1D552, 0x1D6A5},
	{0x1D6A8, 0x1D7CB},
	{0x1D7CE, 0x1DA8B},
	{0x1DA9B, 0x1DA9F},
	{0x1DAA1, 0x1DAAF},
	{0x1DF00, 0x1DF1E},
	{0x1DF25, 0x1DF2A},
	{0x1E000, 0x1E006},
	{0x1E008, 0x1E018},
	{0x1E01B, 0x1E021},
	{0x1E023, 0x1E024},
	{0x1E026, 0x1E02A},
	{0x1E030, 0x1E06D},
	{0x1E08F, 0x1E08F},
	{0x1E100, 0x1E12C},
	{0x1E130, 0x1E13D},
	{0x1E140, 0x1E149},
	{0x1E14E, 0x1E14F},
	{0x1E290, 0x1E2AE},
	{0x1E2C0, 0x1E2F9},
	{0x1E2FF, 0x1E2FF},
	{0x1E4D0, 0x1E4F9},
	{0x1E7E0, 0x1E7E6},
	{0x1E7E8, 0x1E7EB},
	{0x1E7ED, 0x1E7EE},
	{0x1E7F0, 0x1E7FE},
	{0x1E800, 0x1E8C4},
	{0x1E8C7, 0x1E8D6},
	{0x1E900, 0x1E94B},
	{0x1E950, 0x1E959},
	{0x1E95E, 0x1E95F},
	{0x1EC71, 0x1ECB4},
	{0x1ED01, 0x1ED3D},
	{0x1EE00, 0x1EE03},
	{0x1EE05, 0x1EE1F},
	{0x1EE21, 0x1EE22},
	{0x1EE24, 0x1EE24},
	{0x1EE27, 0x1EE27},
	{0x1EE29, 0x1EE32},
	{0x1EE34, 0x1EE37},
	{0x1EE39, 0x1EE39},
	{0x1EE3B, 0x1EE3B},
	{0x1EE42, 0x1EE42},
	{0x1EE47, 0x1EE47},
	{0x1EE49, 0x1EE49},
	{0x1EE4B, 0x1EE4B},
	{0x1EE4D, 0x1EE4F},
	{0x1EE51, 0x1EE52},
	{0x1EE54, 0x1EE54},
	{0x1EE57, 0x1EE57},
	{0x1EE59, 0x1EE59},
	{0x1EE5B, 0x1EE5B},
	{0x1EE5D, 0x1EE5D},
	{0x1EE5F, 0x1EE5F},
	{0x1EE61, 0x1EE62},
	{0x1EE64, 0x1EE64},
	{0x1EE67, 0x1EE6A},
	{0x1EE6C, 0x1EE72},
	{0x1EE74, 0x1EE77},
	{0x1EE79, 0x1EE7C},
	{0x1EE7E, 0x1EE7E},
	{0x1EE80, 0x1EE89},
	{0x1EE8B, 0x1EE9B},
	{0x1EEA1, 0x1EEA3},
	{0x1EEA5, 0x1EEA9},
	{0x1EEAB, 0x1EEBB},
	{0x1EEF0, 0x1EEF1},
	{0x1F000, 0x1F02B},
	{0x1F030, 0x1F093},
	{0x1F0A0, 0x1F0AE},
	{0x1F0B1, 0x1F0BF},
	{0x1F0C1, 0x1F0CF},
	{0x1F0D1, 0x1F0F5},
	{0x1F100, 0x1F1AD},
	{0x1F1E6, 0x1F202},
	{0x1F210, 0x1F23B},
	{0x1F240, 0x1F248},
	{0x1F250, 0x1F251},
	{0x1F260, 0x1F265},
	{0x1F300, 0x1F6D7},
	{0x1F6DC, 0x1F6EC},
	{0x1F6F0, 0x1F6FC},
	{0x1F700, 0x1F776},
	{0x1F77B, 0x1F7D9},
	{0x1F7E0, 0x1F7EB},
	{0x1F7F0, 0x1F7F0},
	{0x1F800, 0x1F80B},
	{0x1F810, 0x1F847},
	{0x1F850, 0x1F859},
	{0x1F860, 0x1F887},
	{0x1F890, 0x1F8AD},
	{0x1F8B0, 0x1F8B1},
	{0x1F900, 0x1FA53},
	{0x1FA60, 0x1FA6D},
	{0x1FA70, 0x1FA7C},
	{0x1FA80, 0x1FA88},
	{0x1FA90, 0x1FABD},
	{0x1FABF, 0x1FAC5},
	{0x1FACE, 0x1FADB},
	{0x1FAE0, 0x1FAE8},
	{0x1FAF0, 0x1FAF8},
	{0x1FB00, 0x1FB92},
	{0x1FB94, 0x1FBCA},
	{0x1FBF0, 0x1FBF9},
	{0x20000, 0x2A6DF},
	{0x2A700, 0x2B739},
	{0x2B740, 0x2B81D},
	{0x2B820, 0x2CEA1},
	{0x2CEB0, 0x2EBE0},
	{0x2F800, 0x2FA1D},
	{0x30000, 0x3134A},
	{0x31350, 0x323AF},
	{0xE0100, 0xE01EF},
}
